Date,S,I,R,V
2020-01-20,31530507.0,0.0,0.0,0.0
2020-01-21,31530507.0,0.0,0.0,0.0
2020-01-22,31530507.0,0.0,0.0,0.0
2020-01-23,31530507.0,0.0,0.0,0.0
2020-01-24,31530507.0,0.0,0.0,0.0
2020-01-25,31530507.0,0.0,0.0,0.0
2020-01-26,31530507.0,0.0,0.0,0.0
2020-01-27,31530507.0,0.0,0.0,0.0
2020-01-28,31530507.0,0.0,0.0,0.0
2020-01-29,31530507.0,0.0,0.0,0.0
2020-01-30,31530505.0,2.0,0.0,0.0
2020-01-31,31530503.0,3.834,0.166,0.0
2020-02-01,31530502.00083,4.515777999999999,0.48339200000000004,0.0
2020-02-02,31530499.00324696,7.140968425999999,0.8557846139999999,0.0
2020-02-03,31530499.007525884,6.548268046641999,1.444206070288,0.0
2020-02-04,31530498.014746916,7.004761798770713,1.980491287807846,0.0
2020-02-05,31530494.02464937,10.423366569472742,2.551984060666776,0.0
2020-02-06,31530492.03740929,11.558227144206505,3.40436356562968,0.0
2020-02-07,31530492.054431107,10.598894291237364,4.346674600770672,0.0
2020-02-08,31530492.07616448,9.719186065064664,5.20464945393952,0.0
2020-02-09,31530491.102187727,9.912493621664296,5.985318650070189,0.0
2020-02-10,31530490.13211432,10.08975665106616,6.778129027417975,0.0
2020-02-11,31530490.166004967,9.252306849027669,7.581688184319376,0.0
2020-02-12,31530490.20391341,8.484365380558373,8.311721211867075,0.0
2020-02-13,31530490.245472014,7.780163053972028,8.974364932394083,0.0
2020-02-14,31530490.29034384,7.134409520492349,9.575246641211791,0.0
2020-02-15,31530490.33822007,6.542253530291484,10.119526398206597,0.0
2020-02-16,31530490.3888177,5.999246487277291,10.611935809229756,0.0
2020-02-17,31530490.44187738,5.501309028833275,11.056813588627623,0.0
2020-02-18,31530490.497161448,5.044700379440114,11.458138170077648,0.0
2020-02-19,31530475.55445214,19.625990247946586,11.81955761072079,0.0
2020-02-20,31530466.61354993,26.99703305736702,13.389417013246751,0.0
2020-02-21,31530426.680497013,64.75627931360556,15.56322367194198,0.0
2020-02-22,31530355.75831313,130.3815081305763,20.860178736611534,0.0
2020-02-23,31530244.862614024,230.55984295573847,31.57754301776631,0.0
2020-02-24,31530133.02050174,323.4233759904122,50.556122268003776,0.0
2020-02-25,31530056.273282353,373.579235783208,77.14748186386798,0.0
2020-02-26,31529914.65901976,484.5721592132017,107.76882102455491,0.0
2020-02-27,31529640.197863866,719.352669998506,147.4494661341279,0.0
2020-02-28,31529401.935111195,898.64639838863,206.41849041333327,0.0
2020-02-29,31528858.967203647,1368.0587473223738,279.97404902752294,0.0
2020-03-01,31528513.367073894,1601.509871294617,392.1230548101424,0.0
2020-03-02,31528139.327689167,1844.5845519771638,523.0877588535449,0.0
2020-03-03,31527808.94312796,2024.4840341630593,673.5728378733818,0.0
2020-03-04,31527522.310992148,2146.451859327525,838.2371485195489,0.0
2020-03-05,31527291.50217789,2203.2963550033405,1012.2014671011357,0.0
2020-03-06,31527072.563185226,2244.4227575380633,1190.0140572309074,0.0
2020-03-07,31526837.51325551,2299.135668662404,1370.351075820412,0.0
2020-03-08,31526675.36501089,2277.3074081634245,1554.3275809402894,0.0
2020-03-09,31526575.136648796,2196.2908932858604,1735.5724579131522,0.0
2020-03-10,31526526.814511087,2070.998749143134,1909.1867397663127,0.0
2020-03-11,31526444.360444784,1991.1058529642537,2071.5337022463614,0.0
2020-03-12,31526407.718113296,1872.8440671682206,2226.437819531163,0.0
2020-03-13,31526377.850302394,1758.3980095932584,2370.751688008469,0.0
2020-03-14,31526348.704060834,1653.450974797018,2504.8449643646672,0.0
2020-03-15,31526331.228285655,1546.2145438888656,2629.5571704509966,0.0
2020-03-16,31526318.37607151,1443.8787367460898,2744.745191741518,0.0
2020-03-17,31526291.09979747,1365.0368015961644,2850.8634009327357,0.0
2020-03-18,31526269.354114473,1287.7387470636827,2949.9071384605536,0.0
2020-03-19,31526245.103650164,1219.856431057397,3042.0399187745365,0.0
2020-03-20,31526234.31384976,1144.608347279633,3128.0778029584276,0.0
2020-03-21,31526217.954238772,1081.6058544554235,3207.439906767845,0.0
2020-03-22,31526189.991438307,1035.8325685356233,3281.175993153806,0.0
2020-03-23,31526170.397318274,985.8584653471665,3350.7442163764936,0.0
2020-03-24,31526156.151039355,935.0322127233517,3415.8167479184262,0.0
2020-03-25,31526104.230123095,926.4245390673135,3476.345337834872,0.0
2020-03-26,31526068.611849785,902.5313023247265,3535.856847888285,0.0
2020-03-27,31526053.291134026,860.6212042317742,3593.0876617417957,0.0
2020-03-28,31525996.256572336,864.1896442805369,3646.553783384324,0.0
2020-03-29,31525950.48934125,856.4619038052523,3700.048754942687,0.0
2020-03-30,31525926.989585027,827.3755657894163,3752.6348491838094,0.0
2020-03-31,31525894.752759274,809.7033938288948,3802.543846898412,0.0
2020-04-01,31525860.76547851,795.4980121410965,3850.7365093517183,0.0
2020-04-02,31525831.019161057,778.4716771333855,3897.5091618126708,0.0
2020-04-03,31525798.506706867,765.8585279313145,3942.6347652056784,0.0
2020-04-04,31525769.219880693,751.2922701130153,3986.4878491979493,0.0
2020-04-05,31525732.152319938,745.935011693635,4028.91266837134,0.0
2020-04-06,31525729.29688328,707.0224057230633,4070.680711000055,0.0
2020-04-07,31525721.650286835,676.3395460480491,4109.010167120069,0.0
2020-04-08,31525715.19533767,647.2033637260611,4144.601298606456,0.0
2020-04-09,31525709.918344166,619.485484536798,4177.596171302686,0.0
2020-04-10,31525716.806325022,582.0681893202438,4208.125485662727,0.0
2020-04-11,31525727.84695245,543.7565296066637,4235.396517947995,0.0
2020-04-12,31525730.02393504,517.6247376493105,4259.351327315608,0.0
2020-04-13,31525738.320691675,487.66188442441774,4281.0174239039225,0.0
2020-04-14,31525744.725778796,462.18594801719104,4300.08827319163,0.0
2020-04-15,31525749.22622016,440.8245143317642,4316.949265511099,0.0
2020-04-16,31525762.810966488,412.23607964222776,4331.952953873079,0.0
2020-04-17,31525771.47073126,391.0204850319229,4344.508783714019,0.0
2020-04-18,31525782.193275176,369.56578477427325,4355.240940053098,0.0
2020-04-19,31525799.969479878,342.8918246380086,4364.138695489098,0.0
2020-04-20,31525814.790173355,321.4318031930539,4370.778023456607,0.0
2020-04-21,31525834.644063473,296.7529635280304,4375.602973004347,0.0
2020-04-22,31525848.52207834,280.1224675552039,4378.355454112152,0.0
2020-04-23,31525866.41385561,260.87230274812197,4379.713841648673,0.0
2020-04-24,31525886.312424816,241.21990162002785,4379.467673568524,0.0
2020-04-25,31525902.209763184,227.19864978556555,4377.591587035144,0.0
2020-04-26,31525915.09772112,217.34116185336362,4374.56111703217,0.0
2020-04-27,31525928.970526703,207.30184541953443,4370.727627880839,0.0
2020-04-28,31525942.82416484,198.09579224971307,4366.080042911256,0.0
2020-04-29,31525956.654565055,189.65384149298688,4360.691593453426,0.0
2020-04-30,31525974.458023023,177.91257264906898,4354.629404330078,0.0
2020-05-01,31525988.231170043,171.14582911919626,4347.6230008383,0.0
2020-05-02,31526004.96928505,161.94072530230298,4340.089989651002,0.0
2020-05-03,31526019.669734996,155.49964510221184,4331.830619902838,0.0
2020-05-04,31526035.328888096,148.59317455872826,4323.0779373468085,0.0
2020-05-05,31526054.944277782,138.25994107035382,4313.795781148448,0.0
2020-05-06,31526075.513256688,127.78436596151445,4303.702377351546,0.0
2020-05-07,31526094.031768575,120.17826358670875,4292.789967839594,0.0
2020-05-08,31526105.495718416,120.2034677090119,4281.300813878093,0.0
2020-05-09,31526111.902222484,125.22657988916392,4269.871197628551,0.0
2020-05-10,31526107.251578473,140.83277375836332,4258.9156477712095,0.0
2020-05-11,31526095.546156712,162.14365353641915,4249.310189754297,0.0
2020-05-12,31526098.79270766,166.68573029289635,4241.521562049049,0.0
2020-05-13,31526100.00031547,172.85081467858595,4234.148869853114,0.0
2020-05-14,31526103.171059817,176.50419706026332,4227.324743122171,0.0
2020-05-15,31526107.30768353,178.85434870426147,4220.837967762562,0.0
2020-05-16,31526117.41187337,175.00943776180776,4214.578688866202,0.0
2020-05-17,31526128.484766815,170.4836544275777,4208.031578756101,0.0
2020-05-18,31526137.52492471,168.33351111008875,4201.141564179809,0.0
2020-05-19,31526153.530632533,159.36182968795137,4194.1075377810475,0.0
2020-05-20,31526152.50117022,168.13479782385141,4186.364031956243,0.0
2020-05-21,31526165.432990383,162.17960960447175,4179.387400015841,0.0
2020-05-22,31526172.329927385,162.7187020073006,4171.951370612933,0.0
2020-05-23,31526184.18968424,158.21304974069466,4164.597266026474,0.0
2020-05-24,31526190.01267057,160.081366612217,4156.90596282482,0.0
2020-05-25,31526202.79720038,154.794613183403,4149.40818643951,0.0
2020-05-26,31526213.544241313,151.94666028918053,4141.509098401535,0.0
2020-05-27,31526217.251786806,156.33508748517855,4133.41312571353,0.0
2020-05-28,31526182.918852434,198.35927522390872,4125.721872346232,0.0
2020-05-29,31526172.547461797,212.8954553803243,4121.557082828085,0.0
2020-05-30,31526178.15524721,210.2251325837574,4118.619620210512,0.0
2020-05-31,31526178.74834531,212.7764465793055,4115.475208113911,0.0
2020-06-01,31526187.325721353,207.11600151322315,4112.558277139425,0.0
2020-06-02,31526197.888512738,199.92537338762563,4109.186113879326,0.0
2020-06-03,31526202.434443306,199.3315673964527,4105.233989301102,0.0
2020-06-04,31526212.960613254,192.78704730254714,4101.252339448502,0.0
2020-06-05,31526222.466874953,187.78572237643573,4096.747402677371,0.0
2020-06-06,31526223.950611968,191.19950741919155,4091.849880621228,0.0
2020-06-07,31526227.40986137,192.32994830339865,4087.260190333914,0.0
2020-06-08,31526235.846162323,188.36656259421656,4082.787275091426,0.0
2020-06-09,31526247.2600987,181.73213789889658,4078.007763411289,0.0
2020-06-10,31526251.650137518,182.64837045328815,4072.701492039841,0.0
2020-06-11,31526252.01364498,187.48855570566525,4067.4977993272646,0.0
2020-06-12,31526251.351133976,192.92700558209503,4062.7218604541986,0.0
2020-06-13,31526258.66474328,189.91406411878114,4058.4211926152416,0.0
2020-06-14,31526261.95684924,191.1511967969223,4053.891953974024,0.0
2020-06-15,31526261.22630901,196.28564746277775,4049.4880435382984,0.0
2020-06-16,31526270.473749228,190.9939387233672,4045.532312060018,0.0
2020-06-17,31526266.70141079,199.14144180932772,4041.1571474137572,0.0
2020-06-18,31526266.907196525,202.61270213915353,4037.4801013468627,0.0
2020-06-19,31526267.09459703,205.7958478616038,4034.109555117678,0.0
2020-06-20,31526257.265144806,218.71479248909068,4031.020062714603,0.0
2020-06-21,31526257.42024512,220.56146471249616,4029.0182901776243,0.0
2020-06-22,31526269.56533657,210.25486314135898,4027.179800297873,0.0
2020-06-23,31526266.70123557,215.80370950062618,4024.4950549371165,0.0
2020-06-24,31526257.823710844,226.8920016120742,4022.2842875509828,0.0
2020-06-25,31526265.93513228,220.05996547827206,4021.0049022470303,0.0
2020-06-26,31526263.040156793,224.79498834357548,4019.1648548704916,0.0
2020-06-27,31526253.135981068,236.13700431105872,4017.727014628656,0.0
2020-06-28,31526239.22461614,250.53763295324083,4017.2377509133303,0.0
2020-06-29,31526239.310804896,249.74300941812186,4017.946185693883,0.0
2020-06-30,31526235.400535826,253.01433963641773,4018.585124547117,0.0
2020-07-01,31526237.49346145,250.01414944659507,4019.4923891142043,0.0
2020-07-02,31526241.590923395,245.26297504252767,4020.146101572701,0.0
2020-07-03,31526235.691653904,250.90614811399786,4020.4021979933673,0.0
2020-07-04,31526219.793664895,266.08093782053606,4021.125397296862,0.0
2020-07-05,31526211.89929188,271.9962199814316,4023.104488149482,0.0
2020-07-06,31526209.01481432,272.4205337229728,4025.5646519671936,0.0
2020-07-07,31526204.14263758,274.80962942396604,4028.0477330063645,0.0
2020-07-08,31526187.282876246,289.00043018177684,4030.7166935835216,0.0
2020-07-09,31526178.436459713,294.01339447668937,4034.550145820692,0.0
2020-07-10,31526174.609210443,293.61028273512414,4038.7805068331536,0.0
2020-07-11,31526178.803112976,285.2406292681088,4042.956257766003,0.0
2020-07-12,31526177.017894264,283.56565703885576,4046.416448706426,0.0
2020-07-13,31526155.24997651,302.0297075046307,4049.7203159971186,0.0
2020-07-14,31526161.498578086,290.96124178174637,4054.5401801400176,0.0
2020-07-15,31526160.77127899,287.81145871386144,4058.4172623072027,0.0
2020-07-16,31526144.0633653,300.92310764061097,4062.013527068917,0.0
2020-07-17,31526127.373432934,312.9464897064403,4066.6800773677433,0.0
2020-07-18,31526123.70683332,310.97193106080573,4072.3212356265394,0.0
2020-07-19,31526128.0684395,301.16126078275886,4077.7702997264537,0.0
2020-07-20,31526130.457290996,294.16487613778986,4082.37783287279,0.0
2020-07-21,31526127.86918016,292.7491914183533,4086.381628427863,0.0
2020-07-22,31526122.301088303,294.45100853062996,4090.247903173447,0.0
2020-07-23,31526112.75232782,300.0115748225877,4094.2360973656223,0.0
2020-07-24,31526119.223508306,289.11061411231293,4098.665877589068,0.0
2020-07-25,31526054.716837693,350.11443314099097,4102.168729172445,0.0
2020-07-26,31526043.22768134,353.0549351902887,4110.717383477285,0.0
2020-07-27,31526047.781268258,339.7513755694947,4119.467356180692,0.0
2020-07-28,31526053.378605038,326.55201139722664,4127.069383572057,0.0
2020-07-29,31526041.013951957,332.4481944512568,4133.537853600166,0.0
2020-07-30,31526049.681641225,316.8549943118025,4140.46336447162,0.0
2020-07-31,31526044.383958045,316.5560297839229,4146.060012177141,0.0
2020-08-01,31526049.114258107,306.28187931185727,4151.603862588321,0.0
2020-08-02,31526049.87227742,300.8604833289731,4156.2672392582635,0.0
2020-08-03,31526062.653613616,283.8890632126683,4160.457323178277,0.0
2020-08-04,31526066.455900233,277.32627096601686,4163.217828809036,0.0
2020-08-05,31526070.27198938,271.3081904758375,4165.419820155171,0.0
2020-08-06,31526072.09908848,267.789610666343,4167.1113008638895,0.0
2020-08-07,31526083.934644982,254.5630729810365,4168.502282044877,0.0
2020-08-08,31526089.777156394,248.43433792361046,4168.788505692078,0.0
2020-08-09,31526095.62109892,242.81428787595075,4168.564613211277,0.0
2020-08-10,31526106.463921987,232.66070198224685,4167.8753760389245,0.0
2020-08-11,31526112.30329887,228.34986371772035,4166.346837423257,0.0
2020-08-12,31526106.135033056,236.39682502914957,4164.468141924712,0.0
2020-08-13,31526098.957373764,244.77588855173016,4163.266737692507,0.0
2020-08-14,31526072.773707453,271.45948980193657,4162.766802753838,0.0
2020-08-15,31526017.58754147,324.92835214837584,4164.48410639363,0.0
2020-08-16,31525936.409962002,399.95929892006063,4170.6307390899765,0.0
2020-08-17,31525885.263115697,438.7626771096956,4182.974207204892,0.0
2020-08-18,31525835.177986734,473.3453749095908,4198.476638368973,0.0
2020-08-19,31525757.170369927,533.0577087920948,4216.771921294624,0.0
2020-08-20,31525680.254229534,586.813918962351,4239.931851517895,0.0
2020-08-21,31525577.453888793,662.1083636884758,4267.43774753418,0.0
2020-08-22,31525455.791077532,750.1533695023323,4301.055552982652,0.0
2020-08-23,31525341.296355296,823.8906398336387,4341.813004886432,0.0
2020-08-24,31525259.00542032,859.5077167274467,4388.486862968192,0.0
2020-08-25,31525175.947854634,893.1685762390686,4437.883569141729,0.0
2020-08-26,31525072.13727248,945.0355844112258,4489.827143123863,0.0
2020-08-27,31524923.586408198,1037.5976309050943,4545.815960914375,0.0
2020-08-28,31524813.315488003,1084.4770275399715,4609.207484474926,0.0
2020-08-29,31524722.361525424,1108.465434254154,4676.173040338369,0.0
2020-08-30,31524624.742390625,1137.462803211059,4744.794806179772,0.0
2020-08-31,31524562.466364656,1129.0533905445411,4815.480244815391,0.0
2020-09-01,31524513.54376588,1108.341959129344,4885.114275006511,0.0
2020-09-02,31524445.969337255,1108.3495765216085,4952.681086239214,0.0
2020-09-03,31524398.732742686,1088.356561670315,5019.910695659311,0.0
2020-09-04,31524355.832296163,1066.0229670516787,5085.144736799651,0.0
2020-09-05,31524329.258019846,1029.5430607863893,5148.198919380941,0.0
2020-09-06,31524295.999014445,1003.090986741119,5207.9099988293065,0.0
2020-09-07,31524276.03856444,965.834434841606,5265.127000734672,0.0
2020-09-08,31524256.364199445,931.6701767497527,5318.965623822852,0.0
2020-09-09,31524243.959027562,893.3415520795232,5369.699420373967,0.0
2020-09-10,31524228.807524662,861.1942032569228,5416.998272094697,0.0
2020-09-11,31524192.892516024,852.7150843865983,5461.392399604549,0.0
2020-09-12,31524174.199478023,827.9397323825106,5504.860789610614,0.0
2020-09-13,31524152.72378197,808.2207345947622,5546.05548345031,0.0
2020-09-14,31524141.45405939,780.138413623397,5585.407527004424,0.0
2020-09-15,31524133.381097022,751.3869252926551,5622.231977700144,0.0
2020-09-16,31524121.49225691,729.0218104933647,5656.485932610934,0.0
2020-09-17,31524093.77468657,724.5130002224154,5688.712313218829,0.0
2020-09-18,31524068.218248136,718.3784212039549,5720.403330671195,0.0
2020-09-19,31524074.82026479,680.7530122440266,5751.426722977767,0.0
2020-09-20,31524072.577398404,655.2505122277724,5779.172089379133,0.0
2020-09-21,31524067.473258853,634.8647197128673,5804.662021447142,0.0
2020-09-22,31524070.49656896,608.1709479766994,5828.332483076075,0.0
2020-09-23,31524066.638231374,590.6927592946333,5849.669009342761,0.0
2020-09-24,31524054.88657642,582.6652602731788,5869.448163317502,0.0
2020-09-25,31524043.23381724,575.3040436705049,5888.462139103589,0.0
2020-09-26,31524053.676127933,546.553808045853,5906.770064032723,0.0
2020-09-27,31524041.209978253,543.1898419780472,5922.600179780365,0.0
2020-09-28,31524057.822979152,511.10508509386926,5938.071935765641,0.0
2020-09-29,31524065.51333883,490.68336303107816,5950.803298149604,0.0
2020-09-30,31524047.267355323,497.9566438994987,5961.776000790436,0.0
2020-10-01,31524047.076235328,486.62624245584027,5973.297522230142,0.0
2020-10-02,31524054.94272294,468.23626433200553,5983.8210127428265,0.0
2020-10-03,31524054.861828003,459.3726543924491,5992.765517618669,0.0
2020-10-04,31524058.82565559,447.2447240778758,6000.929620345149,0.0
2020-10-05,31524054.83030369,444.1234119794121,6008.046284341886,0.0
2020-10-06,31524048.870535113,443.2611687851209,6014.868296114469,0.0
2020-10-07,31524047.944876593,437.47049177595585,6021.584631643062,0.0
2020-10-08,31524056.05279975,423.16044095855153,6027.786759302251,0.0
2020-10-09,31524065.191733547,409.03812435899175,6032.7701421053,0.0
2020-10-10,31524071.355584256,399.08796003719544,6036.55645571657,0.0
2020-10-11,31524068.538366534,398.96365935410824,6039.497974121075,0.0
2020-10-12,31524044.735856403,419.84967562771726,6042.41446797686,0.0
2020-10-13,31524024.94792874,435.00215255061676,6047.049918714077,0.0
2020-10-14,31524003.183178335,450.89697388891557,6052.919847782207,0.0
2020-10-15,31523995.447777573,451.47252505613557,6060.079697376077,0.0
2020-10-16,31523999.74817606,440.00030547647634,6067.251518468856,0.0
2020-10-17,31524004.084433652,429.4802801219288,6073.435286231059,0.0
2020-10-18,31523994.451610085,433.8334168718087,6078.714973050023,0.0
2020-10-19,31523989.84518495,432.8252432714486,6084.329571785133,0.0
2020-10-20,31523990.266832806,426.90074807991834,6089.832419117737,0.0
2020-10-21,31523980.715994902,431.4679859892851,6094.816019112782,0.0
2020-10-22,31523963.190075,443.6561431521745,6100.153781854328,0.0
2020-10-23,31523944.69084391,455.832683270544,6106.476472826687,0.0
2020-10-24,31523950.223226275,442.9985705590889,6113.778203174009,0.0
2020-10-25,31523951.79211729,435.2296892026845,6119.978193514544,0.0
2020-10-26,31523914.392008256,467.1056249988617,6125.502366750794,0.0
2020-10-27,31523910.01952009,463.33585812395614,6133.644621791945,0.0
2020-10-28,31523888.687743198,476.87898189966774,6141.433274907273,0.0
2020-10-29,31523869.39490957,487.29802640199523,6150.307064030409,0.0
2020-10-30,31523849.14644489,497.85229021062963,6160.001264901622,0.0
2020-10-31,31523818.946451217,517.5305501231475,6170.522998664595,0.0
2020-11-01,31523781.799066212,542.5755144629262,6182.6254193314935,0.0
2020-11-02,31523771.71219331,538.5417467625033,6196.746059935259,0.0
2020-11-03,31523766.69592361,529.8427817812155,6210.46129461687,0.0
2020-11-04,31523743.748230085,539.8658308933747,6223.385939031627,0.0
2020-11-05,31523710.86515978,559.0569669292246,6237.077873300618,0.0
2020-11-06,31523668.050549146,586.655238674099,6252.294212189241,0.0
2020-11-07,31523653.312020205,583.9628538641488,6269.725125938246,0.0
2020-11-08,31523627.660645835,592.4939369934244,6286.845417179279,0.0
2020-11-09,31523600.09487292,602.3169402229702,6304.588186863837,0.0
2020-11-10,31523586.617813855,597.3246341844637,6323.057551968024,0.0
2020-11-11,31523568.233101614,597.7466895471532,6341.020208845495,0.0
2020-11-12,31523528.938202657,619.1337143147394,6358.928083033682,0.0
2020-11-13,31523489.73284307,638.7456160266161,6378.521540906638,0.0
2020-11-14,31523424.625450775,682.729729896407,6399.644819332313,0.0
2020-11-15,31523376.623674873,706.0631623150052,6424.313162817053,0.0
2020-11-16,31523315.74524069,740.4599198428598,6450.794839475113,0.0
2020-11-17,31523248.999214884,778.0017464959025,6479.999038624695,0.0
2020-11-18,31523148.399210077,846.4276015367426,6512.1731883907305,0.0
2020-11-19,31523046.96007602,910.174110609193,6549.8658133763265,0.0
2020-11-20,31522915.709405087,998.6296594286301,6592.660935490007,0.0
2020-11-21,31522735.672709763,1128.7433976960538,6642.583892545134,0.0
2020-11-22,31522592.885629226,1211.0576956872812,6703.056675091181,0.0
2020-11-23,31522495.4009126,1241.539906945237,6770.05918045777,0.0
2020-11-24,31522350.251208503,1317.4920946687823,6839.256696831935,0.0
2020-11-25,31522196.44749199,1396.1402508112733,6914.412257205285,0.0
2020-11-26,31521932.019553274,1579.2606099939376,6995.719836736594,0.0
2020-11-27,31521709.998152457,1705.1819793644408,7091.819868182407,0.0
2020-11-28,31521499.4572518,1809.6518750771922,7197.890873128744,0.0
2020-11-29,31521307.446706165,1887.4507694457852,7312.102524394507,0.0
2020-11-30,31521172.007218786,1902.7923555817852,7432.200425636534,0.0
2020-12-01,31520998.168220915,1955.860590068497,7552.9711890216395,0.0
2020-12-02,31520782.93307686,2046.5241610928117,7677.542762052217,0.0
2020-12-03,31520556.320790667,2141.662655722108,7809.01655361266,0.0
2020-12-04,31520325.365873434,2233.904655297173,7947.729471269531,0.0
2020-12-05,31520125.10452079,2288.4905689075076,8093.404910302849,0.0
2020-12-06,31519930.57154534,2333.5458516881845,8242.88260297066,0.0
2020-12-07,31519739.785958353,2371.861545998065,8395.352495645926,0.0
2020-12-08,31519557.76272083,2398.9970376802257,8550.240241485537,0.0
2020-12-09,31519342.51392204,2457.880283552767,8706.605794405568,0.0
2020-12-10,31519103.04695101,2536.8762200178876,8867.07682896842,0.0
2020-12-11,31518880.382335156,2593.3154937564027,9033.302171085063,0.0
2020-12-12,31518572.54884601,2731.070307774621,9203.380846211418,0.0
2020-12-13,31518249.56575024,2873.3914722293275,9384.042777525654,0.0
2020-12-14,31518003.48596413,2927.8999800342935,9575.61405583306,0.0
2020-12-15,31517714.36403441,3021.884281691447,9770.751683896742,0.0
2020-12-16,31517364.21779283,3170.067886311057,9972.714320857649,0.0
2020-12-17,31517042.081364434,3278.952251747239,10185.966383817178,0.0
2020-12-18,31516705.011196353,3394.7992148522185,10407.189588793113,0.0
2020-12-19,31516361.047144298,3509.0308800194844,10636.921975681882,0.0
2020-12-20,31515982.231754176,3649.7813169778674,10874.98692884509,0.0
2020-12-21,31515699.60668882,3683.849467668704,11123.543843510028,0.0
2020-12-22,31515423.224408038,3710.0899618522017,11373.68563010898,0.0
2020-12-23,31515111.09283619,3771.152495018469,11624.754668792168,0.0
2020-12-24,31514772.216609534,3855.1468379319354,11879.63655253474,0.0
2020-12-25,31514307.614792295,4059.169650383585,12140.215557320416,0.0
2020-12-26,31513914.31587008,4176.258569401747,12416.425560515652,0.0
2020-12-27,31513575.397997882,4230.629108141402,12700.97289397342,0.0
2020-12-28,31513329.90286235,4188.486892165665,12988.610245479289,0.0
2020-12-29,31512930.845913578,4304.842480115915,13271.311606301644,0.0
2020-12-30,31512606.20247161,4338.540554266295,13562.256974119757,0.0
2020-12-31,31512315.01375648,4337.441688262193,13854.54455525326,0.0
2021-01-01,31511956.286479257,4405.43402813643,14145.279492602756,0.0
2021-01-02,31511704.01287672,4362.783003801106,14440.204119475067,0.0
2021-01-03,31511529.213897318,4247.672014485614,14730.114088193184,0.0
2021-01-04,31511183.86446776,4314.1152372833085,15009.020294954524,0.0
2021-01-05,31510940.909569234,4274.043672588794,15292.046758174267,0.0
2021-01-06,31510694.369803026,4242.298047763924,15570.332149208265,0.0
2021-01-07,31510375.221463773,4287.1873097995185,15844.59122642663,0.0
2021-01-08,31510192.444419906,4193.350763086159,16121.204817007858,0.0
2021-01-09,31509993.050443992,4125.302649750008,16388.64690625897,0.0
2021-01-10,31509818.993678525,4038.902529820757,16649.103791656926,0.0
2021-01-11,31509740.239197485,3865.673619845634,16901.087182673764,0.0
2021-01-12,31509603.7446334,3765.8227093984465,17137.432657207584,0.0
2021-01-13,31509460.431796685,3682.2594245183755,17364.308778801616,0.0
2021-01-14,31509333.25334058,3590.63189228335,17583.114767142633,0.0
2021-01-15,31509209.168914415,3504.609445223832,17793.221640366435,0.0
2021-01-16,31509091.135022618,3420.726861270254,17995.13811611818,0.0
2021-01-17,31508952.1107132,3365.806531784823,18189.08275502302,0.0
2021-01-18,31508876.056126975,3253.4445896466827,18377.499283386045,0.0
2021-01-19,31508785.94362339,3165.408688706008,18555.64768790979,0.0
2021-01-20,31508717.721861828,3063.679767543409,18725.598370632837,0.0
2021-01-21,31508663.34985368,2957.3943468373063,18886.255799485774,0.0
2021-01-22,31508608.781132676,2860.93061604981,19037.288251275844,0.0
2021-01-23,31508536.967573933,2790.4733749176758,19179.5590511516,0.0
2021-01-24,31508454.86536919,2736.8640847995084,19315.270546014006,0.0
2021-01-25,31508419.44172192,2641.7043657611493,19445.853912322294,0.0
2021-01-26,31508359.67099148,2579.442903402974,19567.886105118858,0.0
2021-01-27,31508233.510422006,2589.349142420527,19684.14043557571,0.0
2021-01-28,31508129.931124184,2576.433163599623,19800.635712218736,0.0
2021-01-29,31508054.934302744,2536.5892110208542,19915.47648623641,0.0
2021-01-30,31507990.511685174,2490.0523065061234,20026.436008319957,0.0
2021-01-31,31507950.643865217,2423.377965066115,20132.978169718364,0.0
2021-02-01,31507932.308756065,2341.237593965627,20233.45364997026,0.0
2021-02-02,31507894.476024315,2285.91487366648,20326.609102019556,0.0
2021-02-03,31507765.109069824,2327.183939152162,20414.706991023777,0.0
2021-02-04,31507677.18260478,2324.027672202533,20505.78972301829,0.0
2021-02-05,31507646.711553395,2264.1333754097227,20596.155071196008,0.0
2021-02-06,31507598.69232875,2227.210305250716,20681.097365999034,0.0
2021-02-07,31507560.09781558,2184.3518499149063,20762.55033450485,0.0
2021-02-08,31507545.910567254,2121.050646371969,20840.038786375262,0.0
2021-02-09,31507524.110761184,2071.0034427230953,20911.885796092258,0.0
2021-02-10,31507437.670190163,2090.1101569770785,20979.219652857813,0.0
2021-02-11,31507345.566288427,2113.631013947981,21047.80269762262,0.0
2021-02-12,31507295.805301916,2093.1996397902985,21117.99505829219,0.0
2021-02-13,31507248.395277206,2072.4640696877036,21186.140653103324,0.0
2021-02-14,31507224.32598047,2030.4495519036243,21252.224467621887,0.0
2021-02-15,31507192.587102808,1999.9222390956238,21314.490658091778,0.0
2021-02-16,31507080.1595561,2052.928693250687,21373.911750646253,0.0
2021-02-17,31506883.02911485,2186.53561171088,21437.435273432828,0.0
2021-02-18,31506703.216291215,2292.053155938877,21511.730552837667,0.0
2021-02-19,31506556.77494398,2355.8127439959503,21594.412312016404,0.0
2021-02-20,31506462.74700554,2362.2802862442863,21681.972708207984,0.0
2021-02-21,31506398.156869084,2339.2110224860107,21769.63210842522,0.0
2021-02-22,31506374.005029626,2278.0565076196717,21854.938462749433,0.0
2021-02-23,31506321.27972194,2250.977817487239,21934.74246056812,0.0
2021-02-24,31506224.953434244,2270.1466586357983,22011.89990711672,0.0
2021-02-25,31506138.01293378,2278.7244859690272,22090.26258024791,0.0
2021-02-26,31506073.46424668,2264.590353633598,22168.945399682096,0.0
2021-02-27,31505983.308973677,2277.6293542820094,22246.061672035274,0.0
2021-02-28,31505948.53928204,2234.5861178766027,22323.874600080504,0.0
2021-03-01,31505914.15865504,2195.1154700928446,22397.72587486386,0.0
2021-03-02,31505866.147284415,2172.9208860751387,22467.931829507248,0.0
2021-03-03,31505771.48694356,2199.568452530902,22535.94460390395,0.0
2021-03-04,31505666.166666582,2235.0042709708373,22605.829062444496,0.0
2021-03-05,31505586.195811894,2242.498916480258,22678.305271622852,0.0
2021-03-06,31505485.58733825,2270.3715064123962,22751.041155332598,0.0
2021-03-07,31505404.342544027,2276.9306713801675,22825.726784588165,0.0
2021-03-08,31505362.47117795,2243.9454256556137,22900.58339638978,0.0
2021-03-09,31505270.97409493,2263.6979553261976,22972.327949737246,0.0
2021-03-10,31505164.83573468,2296.8110250341233,23045.353240280634,0.0
2021-03-11,31505074.062500883,2312.175709956291,23120.761789157063,0.0
2021-03-12,31504978.66630983,2331.265126029919,23197.068564137648,0.0
2021-03-13,31504897.65165265,2334.7701205694357,23274.578226777445,0.0
2021-03-14,31504785.024543785,2369.9842005621726,23351.99125565082,0.0
2021-03-15,31504726.784500062,2348.275511915512,23431.93998801923,0.0
2021-03-16,31504700.9442,2296.3686444265245,23509.687155568117,0.0
2021-03-17,31504594.49263578,2329.770046939123,23582.73731727768,0.0
2021-03-18,31504487.406322364,2361.399133043176,23658.194544587237,0.0
2021-03-19,31504410.69729509,2360.403005000592,23735.899699906888,0.0
2021-03-20,31504309.37679359,2384.489555585543,23813.1336508224,0.0
2021-03-21,31504216.442461845,2398.576922471943,23891.98061568189,0.0
2021-03-22,31504128.902364925,2406.495037906772,23971.60259716865,0.0
2021-03-23,31504099.76037791,2355.75594976051,24051.483672329072,0.0
2021-03-24,31504009.01779627,2371.2282059303875,24126.75399779755,0.0
2021-03-25,31503918.65156626,2385.4162648381653,24202.932168900785,0.0
2021-03-26,31503808.666227102,2418.4267148565978,24279.90705803785,0.0
2021-03-27,31503715.065762393,2432.6972975235003,24359.236940080762,0.0
2021-03-28,31503630.861947093,2436.78342182905,24439.35463107481,0.0
2021-03-29,31503589.05872025,2398.5303978172387,24519.410881931246,0.0
2021-03-30,31503496.65577466,2414.452374798408,24595.89185054042,0.0
2021-03-31,31503377.635233913,2456.05282769014,24673.311938395986,0.0
2021-04-01,31503258.001793604,2495.2004429918584,24753.79776340229,0.0
2021-04-02,31503114.770782422,2555.098806223534,24837.130411353606,0.0
2021-04-03,31502987.95643448,2594.0256053069807,24925.017960213394,0.0
2021-04-04,31502864.581524283,2626.721480066501,25015.69699565281,0.0
2021-04-05,31502805.66000926,2592.7035972209815,25108.636393520064,0.0
2021-04-06,31502740.20319123,2568.50919865164,25198.287610121803,0.0
2021-04-07,31502574.194629278,2647.3229351635537,25285.48243555928,0.0
2021-04-08,31502380.622041456,2747.595131544979,25378.782827000057,0.0
2021-04-09,31502203.51595559,2823.5447356267455,25479.939308783287,0.0
2021-04-10,31502040.915652134,2879.1905225697255,25586.893825296393,0.0
2021-04-11,31501912.85012126,2896.217709196438,25697.932169543197,0.0
2021-04-12,31501797.339782108,2899.831639333134,25809.828578558783,0.0
2021-04-13,31501712.388925,2873.145613268484,25921.46546173064,0.0
2021-04-14,31501504.99625231,2971.6745273671995,26030.32922032327,0.0
2021-04-15,31501305.14789841,3055.0255415957217,26146.82655999313,0.0
2021-04-16,31501150.88203121,3086.458421643277,26269.65954714561,0.0
2021-04-17,31500992.230328947,3120.2823726468846,26394.487298406275,0.0
2021-04-18,31500819.20276544,3166.298935717193,26521.498298843933,0.0
2021-04-19,31500742.810256932,3112.4961240526663,26651.69361901424,0.0
2021-04-20,31500634.068725027,3096.158945756295,26776.77232921554,0.0
2021-04-21,31500424.952586673,3182.1777532585224,26899.869660067234,0.0
2021-04-22,31500229.451934975,3248.0569997380653,27029.491065287355,0.0
2021-04-23,31500021.5993903,3321.468268759806,27163.932340939176,0.0
2021-04-24,31499786.419052005,3416.786402452742,27303.794545541543,0.0
2021-04-25,31499625.938024733,3430.1931310491645,27450.868844217413,0.0
2021-04-26,31499539.192368954,3369.487101172084,27598.320529873406,0.0
2021-04-27,31499444.183971602,3322.819671774801,27739.996356621323,0.0
2021-04-28,31499246.883953385,3383.0256390174927,27877.090407595526,0.0
2021-04-29,31499086.269405425,3402.234510979041,28018.496083595997,0.0
2021-04-30,31498913.361885842,3432.8490465677805,28160.789067589278,0.0
2021-05-01,31498776.16583118,3425.9225757026547,28304.911593116456,0.0
2021-05-02,31498653.690389145,3405.5710019193343,28447.738608934193,0.0
2021-05-03,31498573.92908219,3344.9086087600294,28588.16230904883,0.0
2021-05-04,31498459.869893733,3324.281194232947,28722.84891203067,0.0
2021-05-05,31498283.484138295,3368.3658551116127,28855.150006591848,0.0
2021-05-06,31498155.75988833,3360.791489137349,28990.44862253315,0.0
2021-05-07,31498085.71213144,3296.845795538949,29124.442073018887,0.0
2021-05-08,31497895.334341805,3359.207594509216,29252.458063683524,0.0
2021-05-09,31497809.596632123,3312.393364164951,29385.010003709373,0.0
2021-05-10,31497749.521682143,3244.46471493926,29513.013602916515,0.0
2021-05-11,31497625.086750157,3247.1741435993013,29634.739106241894,0.0
2021-05-12,31497482.260445688,3268.6586896805593,29756.080864629428,0.0
2021-05-13,31497297.04085001,3331.360018437073,29878.599131549767,0.0
2021-05-14,31497100.43384567,3400.857136906796,30005.709017422294,0.0
2021-05-15,31496934.462390754,3434.585994543532,30137.951614698446,0.0
2021-05-16,31496819.152148828,3415.5153569964186,30272.332494172068,0.0
2021-05-17,31496668.513811298,3434.0275823657157,30404.45860633191,0.0
2021-05-18,31496566.53610433,3403.0032930293614,30537.460602636605,0.0
2021-05-19,31496412.223407343,3427.5540197079245,30667.22257294486,0.0
2021-05-20,31496236.559520207,3472.067036072167,30798.373443715893,0.0
2021-05-21,31496121.551387426,3452.885472078177,30932.563140491304,0.0
2021-05-22,31495920.214203127,3522.2959778956883,31064.489818971335,0.0
2021-05-23,31495782.536652222,3522.945411730346,31201.517936041822,0.0
2021-05-24,31495680.5442419,3488.5409425567277,31337.914815535234,0.0
2021-05-25,31495568.23381598,3467.992044324519,31470.77413968977,0.0
2021-05-26,31495375.587686677,3530.148704645584,31601.263608670255,0.0
2021-05-27,31495209.59400472,3561.1463621600005,31736.259633112488,0.0
2021-05-28,31495046.275302887,3587.5712141007207,31873.153483006205,0.0
2021-05-29,31494931.641070303,3563.802803330361,32011.556126361535,0.0
2021-05-30,31494856.698850933,3503.0071706539406,32147.29397840615,0.0
2021-05-31,31494795.435320824,3434.2575754896634,32277.307103678395,0.0
2021-06-01,31494748.821856342,3357.2141967240213,32400.963946925647,0.0
2021-06-02,31494557.82667608,3431.5654183959277,32517.60790551911,0.0
2021-06-03,31494373.414715607,3493.7454886690657,32639.839795718377,0.0
2021-06-04,31494168.613914587,3571.7646131095335,32766.621472299314,0.0
2021-06-05,31493972.447021946,3635.3081502214422,32899.24482782591,0.0
2021-06-06,31493837.943246085,3632.5775737530626,33036.479180155155,0.0
2021-06-07,31493748.125641987,3586.073635131558,33172.80072287589,0.0
2021-06-08,31493671.9896456,3530.429523415639,33304.58083097743,0.0
2021-06-09,31493496.512549754,3579.403872972141,33431.083577266036,0.0
2021-06-10,31493316.66796764,3629.313351515453,33561.018680836394,0.0
2021-06-11,31493177.473061044,3635.0803433396704,33694.446595607995,0.0
2021-06-12,31493039.945294023,3639.368674842478,33827.686031127145,0.0
2021-06-13,31492996.08372418,3550.3010748305524,33960.61520098343,0.0
2021-06-14,31492947.886800185,3473.6260856196163,34085.487114189455,0.0
2021-06-15,31492921.314235754,3382.315120513188,34203.370643724935,0.0
2021-06-16,31492796.33108897,3397.5829655105936,34313.08594550891,0.0
2021-06-17,31492689.8965187,3393.5835793732144,34423.51990191874,0.0
2021-06-18,31492585.01411821,3388.9161422852376,34533.06973949713,0.0
2021-06-19,31492520.679466907,3344.636102475563,34641.68443060932,0.0
2021-06-20,31492465.88788906,3295.031305970091,34746.08080496175,0.0
2021-06-21,31492467.618293084,3193.5437075745735,34845.83799933246,0.0
2021-06-22,31492436.84748308,3133.479579845884,34936.67293706449,0.0
2021-06-23,31492274.530847766,3210.4007747186756,35022.06837750638,0.0
2021-06-24,31492100.641189653,3292.9375104170254,35113.4212999205,0.0
2021-06-25,31491946.208296154,3349.6236970524124,35211.168006785505,0.0
2021-06-26,31491754.264136188,3439.604930197062,35313.130933606924,0.0
2021-06-27,31491576.829790857,3508.117720990706,35422.05248814525,0.0
2021-06-28,31491471.9400533,3498.943950148477,35536.11599654675,0.0
2021-06-29,31491299.62063328,3558.5316022861534,35648.84776442634,0.0
2021-06-30,31490973.864872105,3767.1734792964025,35765.96164859396,0.0
2021-07-01,31490688.694680348,3918.498080514801,35899.8072391326,0.0
2021-07-02,31490371.193716545,4090.262739832072,36045.543543619664,0.0
2021-07-03,31490059.42143426,4242.77093242601,36204.80763330763,0.0
2021-07-04,31489799.445472427,4331.620945034651,36375.93358253245,0.0
2021-07-05,31489560.32514034,4393.0964065967755,36553.57845305767,0.0
2021-07-06,31489296.093032602,4475.469404849243,36735.43756253992,0.0
2021-07-07,31488704.770220414,4879.005444246755,36923.22433532971,0.0
2021-07-08,31488091.38634209,5272.047992374275,37143.565665525544,0.0
2021-07-09,31487481.104170416,5630.468009007211,37395.42782056498,0.0
2021-07-10,31486861.08130952,5970.139164259612,37675.77952620976,0.0
2021-07-11,31486249.46020715,6274.617613626064,37982.922179212255,0.0
2021-07-12,31485807.374818046,6385.824351695101,38313.80083024716,0.0
2021-07-13,31485289.943822198,6564.800930504407,38652.255247286615,0.0
2021-07-14,31484472.205098435,7030.922453272541,39003.872448282054,0.0
2021-07-15,31483684.224460676,7430.35588965092,39392.41964966227,0.0
2021-07-16,31482934.186558925,7760.636350809894,39812.17709025498,0.0
2021-07-17,31482296.247444376,7953.503533692674,40257.24902192093,0.0
2021-07-18,31481661.533689488,8129.362740396182,40716.103570107814,0.0
2021-07-19,31481176.11420734,8143.625632943299,41187.26015971016,0.0
2021-07-20,31480660.050508138,8189.704705409004,41657.2447864459,0.0
2021-07-21,31479852.33673207,8525.959214860057,42128.704053062625,0.0
2021-07-22,31478926.980252337,8954.304600026671,42625.7151476307,0.0
2021-07-23,31478207.108828075,9144.097318224458,43155.793853694755,0.0
2021-07-24,31477508.887797344,9299.137240811828,43698.97496183891,0.0
2021-07-25,31476901.382672153,9353.308849824445,44252.3084780171,0.0
2021-07-26,31476398.644214544,9300.984215289016,44807.37157016244,0.0
2021-07-27,31475854.681072395,9297.002525420028,45355.316402180615,0.0
2021-07-28,31475056.457654405,9550.351315810165,45900.19102977957,0.0
2021-07-29,31474351.958609555,9691.67215659792,46463.36923384292,0.0
2021-07-30,31473652.275455724,9819.263367600293,47035.461176671335,0.0
2021-07-31,31473033.45276161,9858.264508089469,47615.2827302988,0.0
2021-08-01,31472508.52917526,9803.028553918042,48195.442270818734,0.0
2021-08-02,31472095.50638661,9643.377183942845,48768.11642943983,0.0
2021-08-03,31471721.34696876,9460.976877675588,49324.67615355989,0.0
2021-08-04,31471005.970349528,9637.715796828514,49863.31385363916,0.0
2021-08-05,31470282.286918797,9810.785385691746,50413.92769550774,0.0
2021-08-06,31469641.356557272,9889.490198679332,50976.153244042616,0.0
2021-08-07,31468953.237323493,10011.662512188948,51542.10016431278,0.0
2021-08-08,31468275.947824314,10115.694523677266,52115.3576520029,0.0
2021-08-09,31467736.524612576,10076.091878212053,52694.383509208106,0.0
2021-08-10,31467170.996530123,10068.776252320453,53267.227217553664,0.0
2021-08-11,31466152.33266621,10518.067823377854,53836.599510408494,0.0
2021-08-12,31465319.51566376,10747.068194037493,54440.41614219681,0.0
2021-08-13,31464504.717744473,10942.061533932381,55060.22072159094,0.0
2021-08-14,31463697.01884808,11116.870426615993,55693.11072529937,0.0
2021-08-15,31462990.484401707,11179.170181206866,56337.345417082,0.0
2021-08-16,31462428.17112879,11095.299056166696,56983.52981503675,0.0
2021-08-17,31461928.088777866,10959.38923450486,57619.521987623404,0.0
2021-08-18,31461208.186387803,11057.759928040958,58241.05368414919,0.0
2021-08-19,31460242.391656224,11396.965854013559,58867.642489755846,0.0
2021-08-20,31459386.729868673,11601.017688130434,59519.2524431902,0.0
2021-08-21,31458648.32613089,11674.133220015608,60184.540649089075,0.0
2021-08-22,31458012.248834133,11642.180162754314,60852.571003104924,0.0
2021-08-23,31457498.51168915,11493.879209245706,61514.609101598006,0.0
2021-08-24,31456927.084734656,11418.887234878312,62161.02803045741,0.0
2021-08-25,31456014.88987481,11694.119594383412,62797.99053080002,0.0
2021-08-26,31455249.879827462,11802.507668049588,63454.61250447985,0.0
2021-08-27,31454515.152889986,11874.899531601472,64116.94757840556,0.0
2021-08-28,31453833.73762788,11891.28287047855,64781.97950163645,0.0
2021-08-29,31453230.64752539,11831.30639222883,65445.046082377994,0.0
2021-08-30,31452699.8727558,11707.307961673836,66099.8192825211,0.0
2021-08-31,31452279.37185221,11486.601400854908,66741.02674692743,0.0
2021-09-01,31451466.076985948,11680.21348458395,67360.70952946375,0.0
2021-09-02,31450664.880533595,11848.755765363483,67993.36370103691,0.0
2021-09-03,31449992.8473521,11877.309036838315,68636.8436110569,0.0
2021-09-04,31449280.031570155,11947.492386780734,69279.4760430592,0.0
2021-09-05,31448777.42895037,11804.850518677933,69924.72053094671,0.0
2021-09-06,31448365.052553024,11587.047925627665,70554.89952134225,0.0
2021-09-07,31447795.82705063,11547.322947800569,71163.85000156263,0.0
2021-09-08,31446917.646300636,11822.89514313312,71766.45855622226,0.0
2021-09-09,31446114.478593417,12003.594846253072,72388.9265603212,0.0
2021-09-10,31445382.42322622,12101.296474014067,73023.2802997586,0.0
2021-09-11,31444671.539627716,12172.888866670899,73662.57150560297,0.0
2021-09-12,31444027.852485243,12174.539090737215,74304.60842400865,0.0
2021-09-13,31443576.375527363,11987.052346206026,74943.5721264198,0.0
2021-09-14,31443066.093387995,11877.127001470926,75563.7796105228,0.0
2021-09-15,31442174.912286047,12160.325460348839,76171.76225359227,0.0
2021-09-16,31441402.771097314,12304.018447139884,76800.21045553326,0.0
2021-09-17,31440625.772149593,12443.784916027274,77437.4429343682,0.0
2021-09-18,31439845.959364265,12577.95076799701,78083.08986772662,0.0
2021-09-19,31439141.374813605,12628.98085425326,78736.64433213175,0.0
2021-09-20,31438614.058035266,12501.775443350238,79391.1665213741,0.0
2021-09-21,31438022.013867874,12453.128081552168,80031.85805056531,0.0
2021-09-22,31437462.173158128,12379.518450783338,80665.30839108131,0.0
2021-09-23,31436840.499700084,12377.018419368322,81289.48188054093,0.0
2021-09-24,31435806.947109487,12789.72589056075,81910.32699994578,0.0
2021-09-25,31434236.498744488,13708.178641644208,82562.32261386259,0.0
2021-09-26,31432972.310357556,14247.39981438774,83287.28982804975,0.0
2021-09-27,31431951.746806696,14501.865629793558,84053.38756350368,0.0
2021-09-28,31431029.013744514,14641.210782520693,84836.77547295902,0.0
2021-09-29,31429708.19762188,15170.990287571474,85627.81209054345,0.0
2021-09-30,31428680.33668233,15367.798093703044,86458.86522395918,0.0
2021-10-01,31427716.63100845,15488.270851925692,87302.09813961673,0.0
2021-10-02,31426863.141499147,15492.74437121586,88151.11412962848,0.0
2021-10-03,31426100.897069793,15409.846588404944,88996.25634179126,0.0
2021-10-04,31425612.878351502,15063.829321567333,89830.29232691991,0.0
2021-10-05,31425188.029813137,14687.531487877244,90631.4386989754,0.0
2021-10-06,31424496.18700663,14613.466374383434,91397.34661897433,0.0
2021-10-07,31423680.173739724,14673.548665309609,92153.27759495328,0.0
2021-10-08,31423010.940127697,14585.644126088911,92910.41574619921,0.0
2021-10-09,31422479.49220643,14371.035663623532,93656.4721299336,0.0
2021-10-10,31422083.77456708,14042.239703542778,94380.98572936468,0.0
2021-10-11,31421879.679495726,13552.733808148729,95074.5866961119,0.0
2021-10-12,31421643.052429207,13139.856902072384,95724.0906687077,0.0
2021-10-13,31421302.67288255,12868.248779200376,96336.07833823617,0.0
2021-10-14,31420879.35327424,12705.184130526744,96922.46259521863,0.0
2021-10-15,31420556.965587217,12457.653847693025,97492.38056507625,0.0
2021-10-16,31420274.427490044,12193.668578334504,98038.9039316094,0.0
2021-10-17,31420097.622009702,11848.59408633274,98560.78390395311,0.0
2021-10-18,31420099.425929222,11356.160777167122,99051.41329359896,0.0
2021-10-19,31420119.682995692,10888.599432662251,99498.71757163583,0.0
2021-10-20,31419881.17658355,10720.845679751284,99904.97773668863,0.0
2021-10-21,31419721.701472234,10490.015488331928,100295.28303942454,0.0
2021-10-22,31419560.177887432,10282.344202800377,100664.47790975898,0.0
2021-10-23,31419411.500276983,10080.909633967945,101014.59008904261,0.0
2021-10-24,31419275.573227428,9885.194134348605,101346.23263821674,0.0
2021-10-25,31419306.30439062,9540.723021197671,101659.97258817659,0.0
2021-10-26,31419271.60425356,9291.843010438264,101943.55273599511,0.0
2021-10-27,31418967.32201724,9334.620040571888,102205.0579421815,0.0
2021-10-28,31418650.347306952,9387.846577204422,102468.80611583807,0.0
2021-10-29,31418286.69133753,9484.655311296456,102735.65335116685,0.0
2021-10-30,31418017.369604286,9480.42892045885,103009.20147524863,0.0
2021-10-31,31417713.415611662,9512.553320060764,103281.03106827047,0.0
2021-11-01,31417633.820767004,9319.011394495721,103554.16783849416,0.0
2021-11-02,31417592.591606196,9104.533448752576,103809.87494504484,0.0
2021-11-03,31417181.64098092,9278.857172506112,104046.50184656608,0.0
2021-11-04,31416805.873490155,9404.712027188105,104296.41448265126,0.0
2021-11-05,31416491.355562568,9460.120928931492,104555.52350849462,0.0
2021-11-06,31416165.13318011,9523.930891830178,104817.93592805347,0.0
2021-11-07,31415911.22285975,9511.444627808272,105084.33251243511,0.0
2021-11-08,31415811.644522313,9346.994723700185,105348.36075398102,0.0
2021-11-09,31415791.386326082,9118.19416163307,105597.41951227823,0.0
2021-11-10,31415467.373423643,9213.384046217525,105826.24253013238,0.0
2021-11-11,31415104.504636295,9340.67317038147,106061.82219331777,0.0
2021-11-12,31414831.81374726,9368.397297239808,106306.78895549286,0.0
2021-11-13,31414598.34769204,9355.820321568905,106552.8319863863,0.0
2021-11-14,31414392.11185197,9318.287234878686,106796.60091314459,0.0
2021-11-15,31414331.094856538,9139.869394383755,107036.0357490738,0.0
2021-11-16,31414179.275035284,9068.260234649904,107259.46473006227,0.0
2021-11-17,31413705.572358936,9325.594635173962,107475.83300588791,0.0
2021-11-18,31413181.951523967,9612.570280454524,107712.4781955779,0.0
2021-11-19,31412744.513914946,9790.726947176798,107971.75913787773,0.0
2021-11-20,31412265.372710634,9997.096610561124,108244.53067880402,0.0
2021-11-21,31411827.595364027,10146.33759188455,108533.06704408657,0.0
2021-11-22,31411420.260699246,10254.191571758132,108832.54772899255,0.0
2021-11-23,31411058.42343789,10309.093671302207,109139.4828908035,0.0
2021-11-24,31410225.120852344,10832.438896584124,109449.44025106757,0.0
2021-11-25,31409447.3680536,11258.346468167641,109801.28547822872,0.0
2021-11-26,31408696.374480993,11623.903711309727,110186.72180769549,0.0
2021-11-27,31407914.30809003,11992.11970327102,110600.57220669572,0.0
2021-11-28,31407263.310951065,12200.773767899525,111042.91528103374,0.0
2021-11-29,31406805.52552747,12201.109545163865,111500.36492736424,0.0
2021-11-30,31406367.027352106,12184.417452915264,111955.55519497601,0.0
2021-12-01,31405273.80512808,12826.110804323298,112407.0840675931,0.0
2021-12-02,31404088.84054842,13508.543607564465,112909.61584401396,0.0
2021-12-03,31403057.388627637,13983.334488136614,113466.27688422173,0.0
2021-12-04,31401903.720012058,14543.717725621274,114059.56226231596,0.0
2021-12-05,31400868.01782337,14942.58915439471,114696.39302223094,0.0
2021-12-06,31400152.499788478,14991.354254579948,115363.14595693455,0.0
2021-12-07,31399071.315518264,15405.071851449815,116030.61263028001,0.0
2021-12-08,31397253.468581416,16524.45088777948,116729.08053079894,0.0
2021-12-09,31395371.11398407,17618.921464093783,117516.96455183064,0.0
2021-12-10,31393627.69880683,18487.550982573997,118391.75021059127,0.0
2021-12-11,31391902.657557882,19270.084251020355,119334.25819109195,0.0
2021-12-12,31390256.32884884,19913.667258185666,120337.00389297119,0.0
2021-12-13,31388888.013868302,20230.832875756256,121388.15325593574,0.0
2021-12-14,31387578.95463458,20467.673747068486,122460.37161834384,0.0
2021-12-15,31385420.25649267,21539.8568260618,123546.88668125881,0.0
2021-12-16,31383231.990926076,22558.04870949867,124716.96036441565,0.0
2021-12-17,31381141.5757279,23399.73066661028,125965.69360548197,0.0
2021-12-18,31379103.404195927,24125.553021281627,127278.04278278322,0.0
2021-12-19,31377454.79440984,24408.132120515253,128644.07346963568,0.0
2021-12-20,31376169.01477719,24311.25715451249,130026.72806829026,0.0
2021-12-21,31374877.148417532,24235.422810687953,131394.42877177335,0.0
2021-12-22,31372672.12056139,25085.88271740085,132748.99672120158,0.0
2021-12-23,31370694.865544997,25644.75445185658,134167.38000313984,0.0
2021-12-24,31368932.70244501,25949.239832352483,135625.05772262823,0.0
2021-12-25,31367360.827733625,26045.452926267226,137100.71934010036,0.0
2021-12-26,31365980.331330325,25949.680333387045,138576.98833628005,0.0
2021-12-27,31365005.216272008,25463.85686571592,140037.92686226976,0.0
2021-12-28,31364138.40590632,24917.3567458615,141451.23734781283,0.0
2021-12-29,31362590.66209306,25104.216135954994,142812.12177098024,0.0
2021-12-30,31361197.722701915,25127.56619667073,144181.7111014096,0.0
2021-12-31,31359911.631257422,25048.97820234706,145546.39054022622,0.0
2022-01-01,31358820.363210123,24788.913011552257,146897.7237783199,0.0
2022-01-02,31357898.851829015,24387.43323159342,148220.71493938714,0.0
2022-01-03,31357284.95540371,23718.276273371164,149503.76832291245,0.0
2022-01-04,31356677.474245325,23104.659342681356,150724.8664119877,0.0
2022-01-05,31355342.098577384,23275.972617238804,151888.92880537032,0.0
2022-01-06,31354171.54322141,23274.066890007984,153061.38988857428,0.0
2022-01-07,31353150.850170854,23128.31933813732,154227.83049100207,0.0
2022-01-08,31352274.98932331,22855.668833071923,155376.34184361246,0.0
2022-01-09,31351467.87103253,22542.648319926953,156496.48064753937,0.0
2022-01-10,31350848.353435766,22073.608509373014,157585.03805485563,0.0
2022-01-11,31350138.27862604,21739.499003095054,158629.2223708593,0.0
2022-01-12,31348555.424737893,22311.120585838165,159640.4546762619,0.0
2022-01-13,31347185.627011273,22627.297577213598,160694.07541150515,0.0
2022-01-14,31345455.09738833,23283.23187830487,161768.67073335635,0.0
2022-01-15,31343939.940741997,23674.723632405563,162892.3356255889,0.0
2022-01-16,31342658.402420126,23805.721570915903,164042.8760089506,0.0
2022-01-17,31341659.61680017,23648.84668052988,165198.53651929187,0.0
2022-01-18,31340495.609482765,23675.9924060459,166335.39811117938,0.0
2022-01-19,31338304.286473323,24733.88503634409,167468.8284903253,0.0
2022-01-20,31335681.630615775,26140.97257832753,168684.39680589025,0.0
2022-01-21,31332872.052599803,27624.271854326347,170010.675545862,0.0
2022-01-22,31330031.10597753,29022.45729041726,171453.43673204177,0.0
2022-01-23,31327035.373161193,30466.593335312627,173005.0335034862,0.0
2022-01-24,31324118.39832871,31719.86608848168,174668.7355827997,0.0
2022-01-25,31320594.742006626,33484.1172031377,176428.1407902297,0.0
2022-01-26,31314603.882710576,37577.93547527727,178325.18181413898,0.0
2022-01-27,31307902.508619647,42051.96683082926,180552.5245495163,0.0
2022-01-28,31300132.271242395,47234.65358387043,183140.07517372756,0.0
2022-01-29,31291776.971618265,52585.177336409186,186144.85104532016,0.0
2022-01-30,31283569.69587349,57358.60761748722,189578.6965090155,0.0
2022-01-31,31275768.589356035,61346.84318523579,193391.5674587219,0.0
2022-02-01,31267497.54719333,65493.05520086122,197516.39760580283,0.0
2022-02-02,31258170.12918136,70372.13161918973,201964.73919944532,0.0
2022-02-03,31247128.952877358,76582.24469479699,206795.80242784086,0.0
2022-02-04,31233470.931889497,84917.91838512884,212118.14972536982,0.0
2022-02-05,31215445.522638123,96955.73115916314,218105.74620270866,0.0
2022-02-06,31196833.051369138,108611.4054729526,225062.54315790566,0.0
2022-02-07,31179877.36408493,117677.65881869753,232951.97709637118,0.0
2022-02-08,31162183.12397041,126769.41313674563,241554.46289284123,0.0
2022-02-09,31137829.896284875,141808.55184639574,250868.5518687269,0.0
2022-02-10,31111238.23904422,157884.4420431449,261384.31891263416,0.0
2022-02-11,31084447.160638783,172878.03335356386,273181.806007652,0.0
2022-02-12,31057941.069668822,186401.15658521806,286164.77374595957,0.0
2022-02-13,31031521.89353755,198779.86058864495,300205.24587380287,0.0
2022-02-14,31006588.91976692,208715.1321597874,315202.9480732914,0.0
2022-02-15,30980703.934507288,218852.77619052504,330950.28930218733,0.0
2022-02-16,30938712.6859538,244333.99576671145,347460.31827948993,0.0
2022-02-17,30895368.987545196,269135.2741180744,366002.7383367295,0.0
2022-02-18,30842194.00123688,301802.04636627424,386510.952396846,0.0
2022-02-19,30794412.55599886,326466.47651787347,409627.9674832626,0.0
2022-02-20,30747093.69583628,348736.75896689,434676.5451968298,0.0
2022-02-21,30704950.078562263,364108.6079726381,461448.3134650975,0.0
2022-02-22,30659997.32012959,381147.5935109091,489362.086359501,0.0
2022-02-23,30579558.130561385,432398.34324950364,518550.52618910896,0.0
2022-02-24,30500959.88319233,477700.2807597948,551846.8360478722,0.0
2022-02-25,30422940.11737257,518830.1574567319,588736.7251706958,0.0
2022-02-26,30346447.800998423,555203.2543878232,628855.944613751,0.0
2022-02-27,30273125.080721494,585588.3842736338,671793.5350048717,0.0
2022-02-28,30211566.048396517,601902.5483789223,717038.4032245588,0.0
2022-03-01,30149618.240412638,617477.6368634717,763411.1227238866,0.0
2022-03-02,30048979.296026256,670682.9930038035,810844.7109699354,0.0
2022-03-03,29958744.519581106,709305.3045844878,862457.1758344015,0.0
2022-03-04,29834113.805460278,779375.9643039753,917017.2302357419,0.0
2022-03-05,29721519.891611457,831866.7592667454,977120.3491217932,0.0
2022-03-06,29614554.493357066,874672.8182476056,1041279.688395324,0.0
2022-03-07,29525264.891799044,896570.9743330543,1108671.1338678987,0.0
2022-03-08,29439206.247468382,913757.5834634107,1177543.1690682028,0.0
2022-03-09,29293262.963313725,989746.7040359478,1247497.3326503248,0.0
2022-03-10,29154202.449976977,1052895.727600964,1323408.822422057,0.0
2022-03-11,29029025.494089086,1097299.382210084,1404182.1237008267,0.0
2022-03-12,28861196.40470759,1181073.533486647,1488237.0618057596,0.0
2022-03-13,28715504.59001662,1236177.4302072553,1578824.9797761226,0.0
2022-03-14,28586805.7149155,1270167.7035000531,1673533.581584444,0.0
2022-03-15,28430956.382823423,1328960.7841095487,1770589.8330670262,0.0
2022-03-16,28264012.33198876,1394454.0390284562,1872040.6289827835,0.0
2022-03-17,27998754.535133675,1553332.3537890944,1978420.1110772314,0.0
2022-03-18,27830424.63568906,1602627.7684245994,2097454.5958863404,0.0
2022-03-19,27680111.908668492,1630409.6636453576,2219985.42768615,0.0
2022-03-20,27554464.83580692,1631832.661562793,2344209.5026302845,0.0
2022-03-21,27476933.88332007,1585642.5506530812,2467930.566026845,0.0
2022-03-22,27337969.536150206,1605338.2189488753,2587199.2449009167,0.0
2022-03-23,27144214.53237471,1678786.1467761188,2707506.320849169,0.0
2022-03-24,26982123.063978955,1715075.8965937009,2833308.039427341,0.0
2022-03-25,26847017.604176093,1721996.5971764238,2961492.7986474815,0.0
2022-03-26,26721719.06816933,1719176.8796107806,3089611.0522198873,0.0
2022-03-27,26606957.123430427,1706695.1986030857,3216854.677966483,0.0
2022-03-28,26543238.39682026,1644842.4971190295,3342426.1060607065,0.0
2022-03-29,26409742.527350564,1658528.56985815,3462235.9027912826,0.0
2022-03-30,26246823.70686452,1701100.6985599236,3582582.5945755527,0.0
2022-03-31,26122106.6198374,1702539.34057945,3705861.0395831484,0.0
2022-04-01,26017764.925035316,1684099.5753113555,3828642.4996533273,0.0
2022-04-02,25925335.137533583,1655892.310560513,3949279.551905903,0.0
2022-04-03,25848043.535293113,1615491.2487839905,4066972.2159228963,0.0
2022-04-04,25812990.396372728,1536793.4751349194,4180723.1284923526,0.0
2022-04-05,25717401.01201519,1525732.616698721,4287373.371286089,0.0
2022-04-06,25615294.87887162,1522639.8095127272,4392572.3116156515,0.0
2022-04-07,25535622.7404297,1497895.7053231709,4496988.55424713,0.0
2022-04-08,25467767.683200937,1463910.3617813478,4598828.955017718,0.0
2022-04-09,25413469.827976026,1419697.8017534958,4697339.37027048,0.0
2022-04-10,25368955.52482738,1369863.8842079556,4791687.590964668,0.0
2022-04-11,25353023.962782204,1296055.1818186953,4881427.855399106,0.0
2022-04-12,25283475.1020592,1282438.6017277436,4964593.2962130625,0.0
2022-04-13,25223006.068540264,1261288.197784341,5046212.7336754,0.0
2022-04-14,25181644.13220864,1223194.2773682405,5125668.590423123,0.0
2022-04-15,25152091.47516076,1176850.1523466764,5201565.372492571,0.0
2022-04-16,25132855.30202322,1124415.5897019024,5273236.108274883,0.0
2022-04-17,25121301.482564595,1069009.0957566444,5340196.421678766,0.0
2022-04-18,25126779.46467299,1001504.3408088429,5402223.194518173,0.0
2022-04-19,25102109.58064558,970060.4805217088,5458336.938832716,0.0
2022-04-20,25081216.265339743,937730.460638407,5511560.274021855,0.0
2022-04-21,25068103.066709854,900569.8324054192,5561834.100884733,0.0
2022-04-22,25060530.23721428,861204.5363157694,5608772.226469959,0.0
2022-04-23,25057175.09834663,821123.5598015606,5652208.341851818,0.0
2022-04-24,25058302.140055887,780104.3043380311,5692100.555606089,0.0
2022-04-25,25071242.64283392,730875.6470779745,5728388.710088115,0.0
2022-04-26,25063939.58638436,706157.9683705026,5760409.445245147,0.0
2022-04-27,25059089.633610584,681198.8569957509,5790218.509393672,0.0
2022-04-28,25061714.726157553,650985.3518651036,5817806.921977351,0.0
2022-04-29,25068280.76076744,619476.5676603,5842749.671572268,0.0
2022-04-30,25079148.509125303,586406.012544495,5864952.478330212,0.0
2022-05-01,25092574.271516956,553633.3135033019,5884299.414979754,0.0
2022-05-02,25112884.768591855,516792.74848252785,5900829.48292563,0.0
2022-05-03,25119661.916006483,496625.9503584781,5914219.133635052,0.0
2022-05-04,25127509.011674657,477129.9964787244,5925867.99184663,0.0
2022-05-05,25138091.35163389,456575.2067709903,5935840.4415951315,0.0
2022-05-06,25155826.553841867,430623.4646089981,5944056.9815491475,0.0
2022-05-07,25168094.838749614,412333.71704645123,5950078.444203949,0.0
2022-05-08,25180671.230970632,395284.01853159576,5954551.750497784,0.0
2022-05-09,25200872.98972312,372046.4449934733,5957587.565283419,0.0
2022-05-10,25207317.927549537,364509.590059015,5958679.48239146,0.0
2022-05-11,25216971.324961495,354395.29408411676,5959140.380954401,0.0
2022-05-12,25229868.02686627,341879.48467513506,5958759.48845861,0.0
2022-05-13,25244958.824308563,328206.4874470988,5957341.688244354,0.0
2022-05-14,25261633.532749783,314077.3489889896,5954796.118261241,0.0
2022-05-15,25280467.513341088,298948.92902290344,5951090.557636021,0.0
2022-05-16,25303947.96612927,280411.16791400244,5946147.865956742,0.0
2022-05-17,25316887.705459055,273928.04097714025,5939691.253563821,0.0
2022-05-18,25331956.161726873,265822.0135760376,5932728.824697105,0.0
2022-05-19,25348114.80585036,257263.7864492265,5925128.407700431,0.0
2022-05-20,25365745.447888862,247905.8921739407,5916855.659937215,0.0
2022-05-21,25384502.726188548,238156.70312350363,5907847.5706879655,0.0
2022-05-22,25405308.96404199,227122.69676425282,5898075.339193777,0.0
2022-05-23,25430007.340737958,213063.51293281984,5887436.146329241,0.0
2022-05-24,25446699.521469604,208124.2413593958,5875683.237171019,0.0
2022-05-25,25464513.93765546,202413.92932656594,5863579.133017994,0.0
2022-05-26,25484504.83332055,194940.57319246096,5851061.593487009,0.0
2022-05-27,25505679.141287986,186841.5056174867,5837986.353094549,0.0
2022-05-28,25528019.07305346,178183.6606512353,5824304.266295328,0.0
2022-05-29,25551223.59438494,169311.41681718276,5809971.988797903,0.0
2022-05-30,25577193.45432893,158338.5692213566,5794974.976449739,0.0
2022-05-31,25597522.329211175,153842.467975984,5779142.2028128635,0.0
2022-06-01,25618173.04022524,149318.54313397733,5763015.416640806,0.0
2022-06-02,25641929.117308445,141984.1040538572,5746593.778637722,0.0
2022-06-03,25664178.086201634,136683.42341738706,5729645.490381003,0.0
2022-06-04,25686855.31365354,131309.69927374393,5712341.987072742,0.0
2022-06-05,25710485.023588903,125342.99423402318,5694678.982177099,0.0
2022-06-06,25736372.41849979,117525.52571259925,5676609.055787637,0.0
2022-06-07,25761492.463778727,111033.90707845351,5657980.629142844,0.0
2022-06-08,25782844.366924442,108756.09279094187,5638906.540284641,0.0
2022-06-09,25804642.899625864,106125.3370892937,5619738.763284866,0.0
2022-06-10,25827990.593442287,102067.93411088231,5600448.472446852,0.0
2022-06-11,25851736.835804522,97852.29557967908,5580917.868615822,0.0
2022-06-12,25876092.4251476,93279.55504656571,5561135.019805856,0.0
2022-06-13,25902027.10024663,87408.35197770076,5541071.547775691,0.0
2022-06-14,25924726.45798551,85159.45876355159,5520621.083250962,0.0
2022-06-15,25947460.563401762,82960.22368617682,5500086.212912082,0.0
2022-06-16,25970766.994466323,80268.52512022413,5479471.480413474,0.0
2022-06-17,25994487.35186839,77283.23753524553,5458736.410596385,0.0
2022-06-18,26018421.033921372,74228.72881982014,5437857.237258828,0.0
2022-06-19,26042736.320107665,70941.74432777507,5416828.935564579,0.0
2022-06-20,26068062.464785486,66811.57954856975,5395632.955665962,0.0
2022-06-21,26090250.629563816,66056.21844603846,5374200.151990164,0.0
2022-06-22,26112443.630323768,65251.55231501727,5352811.817361235,0.0
2022-06-23,26135329.689410575,63713.67347287083,5331463.637116575,0.0
2022-06-24,26158245.007596157,62167.43857462256,5310094.553829241,0.0
2022-06-25,26181461.480365302,60341.54117292889,5288703.978461788,0.0
2022-06-26,26204853.00025761,58385.193255575796,5267268.806486832,0.0
2022-06-27,26229391.344290044,55337.22221536301,5245778.433494611,0.0
2022-06-28,26250350.236457516,56014.23277148788,5224142.530771012,0.0
2022-06-29,26270726.949111372,57109.05145145438,5202670.999437191,0.0
2022-06-30,26291394.304108556,57715.00018098367,5181397.695710476,0.0
2022-07-01,26312138.29258711,58087.65516596202,5160281.052246945,0.0
2022-07-02,26332222.697848342,58983.37978718718,5139300.922364485,0.0
2022-07-03,26352846.202460166,59160.75926485064,5118500.038274999,0.0
2022-07-04,26375242.70265154,57446.41624586804,5097817.881102607,0.0
2022-07-05,26390969.792057056,62440.36369746099,5077096.8442455,0.0
2022-07-06,26405978.276278283,67634.81351057174,5056893.910211162,0.0
2022-07-07,26421328.74582934,71955.12398919428,5037223.130181484,0.0
2022-07-08,26436565.861480247,75931.84869809115,5018009.28982168,0.0
2022-07-09,26451710.907929357,79574.50525614958,4999221.586814513,0.0
2022-07-10,26466927.01586343,82749.82131988916,4980830.162816701,0.0
2022-07-11,26485520.166677512,82192.58615033836,4962794.247172168,0.0
2022-07-12,26491684.137913372,94020.60149986028,4944802.260586785,0.0
2022-07-13,26495731.149216305,106893.89157537188,4927881.959208339,0.0
2022-07-14,26500203.559012346,118188.698574616,4912114.742413054,0.0
2022-07-15,26505753.13272441,127390.03659292286,4897363.830682683,0.0
2022-07-16,26510948.951877825,136107.66355571029,4883450.384566482,0.0
2022-07-17,26516830.203800656,143346.72748058633,4870330.068718773,0.0
2022-07-18,26529223.85414425,143406.94909969767,4857876.196756068,0.0
2022-07-19,26518501.23512803,166516.17232442275,4845489.592547563,0.0
2022-07-20,26505065.68309077,190358.33002149567,4835082.986887752,0.0
2022-07-21,26492625.098025206,211174.58862971154,4826707.313345098,0.0
2022-07-22,26483289.634591933,227116.09777344548,4820101.267634638,0.0
2022-07-23,26475777.140930105,239878.4616582495,4814851.39741166,0.0
2022-07-24,26470470.397917163,249349.5493406148,4810687.052742236,0.0
2022-07-25,26477782.833180875,245394.5367453438,4807329.630073796,0.0
2022-07-26,26452773.481331244,274072.7901954803,4803660.728473291,0.0
2022-07-27,26426665.78497361,301450.7486092554,4802390.46641715,0.0
2022-07-28,26406130.737305697,320977.3364746872,4803398.926219632,0.0
2022-07-29,26389082.731936794,335401.21754728816,4806023.050515932,0.0
2022-07-30,26374386.847189374,346288.91649086325,4809831.236319778,0.0
2022-07-31,26364497.003370974,351485.9364221216,4814524.06020692,0.0
2022-08-01,26367434.62367201,343447.6036990855,4819624.772628922,0.0
2022-08-02,26336930.747535154,369543.45259206137,4824032.799872802,0.0
2022-08-03,26303683.911534518,396238.34602692025,4830584.742438579,0.0
2022-08-04,26275759.835246712,415427.5633066859,4839319.60144662,0.0
2022-08-05,26247640.433253944,433263.07555223093,4849603.491193842,0.0
2022-08-06,26221483.450709913,447707.2402813958,4861316.309008708,0.0
2022-08-07,26198753.032254957,457584.53933803993,4874169.42840702,0.0
2022-08-08,26196857.87939699,445871.0225729826,4887778.098030042,0.0
2022-08-09,26150218.769887142,479941.727699425,4900346.50241345,0.0
2022-08-10,26103609.50239921,511217.5643003728,4915679.933300435,0.0
2022-08-11,26064141.902065713,532832.5064634418,4933532.591470864,0.0
2022-08-12,26031136.56502307,546280.4084269761,4953090.026549974,0.0
2022-08-13,26002135.01515582,554706.134527537,4973665.850316663,0.0
2022-08-14,25977657.344407402,558011.5253617514,4994838.130230865,0.0
2022-08-15,25975537.535058558,538790.5687567261,5016178.896184737,0.0
2022-08-16,25961356.429539483,533332.9515499178,5035817.618910621,0.0
2022-08-17,25903398.517634038,572203.3165712747,5054905.165794712,0.0
2022-08-18,25849413.04346301,603970.4412958588,5077123.515241154,0.0
2022-08-19,25813546.661039215,615092.8946683025,5101867.444292503,0.0
2022-08-20,25784985.998260677,618110.1844108334,5127410.81732851,0.0
2022-08-21,25765596.05234732,611834.0391047342,5153076.908547967,0.0
2022-08-22,25766074.436890062,586338.8138590413,5178093.74925092,0.0
2022-08-23,25728135.905636318,601501.6923087409,5200869.4020549655,0.0
2022-08-24,25695538.25264659,610179.0518471154,5224789.695506317,0.0
2022-08-25,25672828.201124124,608368.1905438048,5249310.608332096,0.0
2022-08-26,25657919.754165784,599028.630728669,5273558.615105571,0.0
2022-08-27,25647233.54724131,586363.2543781894,5296910.198380522,0.0
2022-08-28,25640755.098233216,570658.1042647997,5319093.797502009,0.0
2022-08-29,25649305.567220725,541338.4816108213,5339862.951168478,0.0
2022-08-30,25629179.881976567,543232.3876371231,5358094.730386334,0.0
2022-08-31,25613178.355628498,540936.0994632419,5376392.544908283,0.0
2022-09-01,25605243.31835304,530855.4032077928,5394408.278439191,0.0
2022-09-02,25596835.359745234,522174.40474154596,5411497.235513242,0.0
2022-09-03,25593273.8459228,509452.9291479976,5427780.224929224,0.0
2022-09-04,25592971.747047447,494609.33602871385,5442925.916923862,0.0
2022-09-05,25604937.376632065,468805.7611383306,5456763.862229627,0.0
2022-09-06,25591919.195943214,470196.8829638492,5468390.921092959,0.0
2022-09-07,25584762.150548678,465669.5416778497,5480075.307773494,0.0
2022-09-08,25582418.527087547,456762.96971858817,5491325.503193889,0.0
2022-09-09,25583771.154603515,444955.64323194535,5501780.2021645615,0.0
2022-09-10,25595422.055614337,423882.3248436939,5511202.619541991,0.0
2022-09-11,25612157.06871205,399521.09188166726,5518828.839406307,0.0
2022-09-12,25624448.21290908,381663.84125548886,5524394.945835453,0.0
2022-09-13,25626712.187638257,375343.7424312833,5528451.069930482,0.0
2022-09-14,25613833.442987908,384711.2118094868,5531962.345202626,0.0
2022-09-15,25610961.25471392,383312.1812292994,5536233.5640568,0.0
2022-09-16,25616403.4225342,373736.27018726757,5540367.307278547,0.0
2022-09-17,25626194.259070594,360627.15976172435,5543685.581167698,0.0
2022-09-18,25640267.686976433,344340.10550150124,5545899.207522082,0.0
2022-09-19,25659626.183014043,324130.8767448766,5546749.940241096,0.0
2022-09-20,25667306.93271525,317281.0139750519,5545919.053309714,0.0
2022-09-21,25677837.527981795,308145.6898151226,5544523.782203095,0.0
2022-09-22,25691433.146892812,296696.59756046743,5542377.255546735,0.0
2022-09-23,25707149.033170547,284066.77996294864,5539291.18686652,0.0
2022-09-24,25723284.48910488,272050.2372260239,5535172.2736691125,0.0
2022-09-25,25740634.350473225,259796.06753626393,5530076.581990527,0.0
2022-09-26,25762250.73338318,244266.99393075405,5523989.272686084,0.0
2022-09-27,25773188.67974661,240674.83343450146,5516643.486818906,0.0
2022-09-28,25785489.897180703,235980.82225943785,5509036.280559875,0.0
2022-09-29,25799703.0785835,229726.4140119045,5501077.507404609,0.0
2022-09-30,25815851.466120522,222016.12164891642,5492639.412230574,0.0
2022-10-01,25832608.663181674,214294.78355205635,5483603.55326628,0.0
2022-10-02,25850895.680948004,205639.31651723568,5473972.0025347695,0.0
2022-10-03,25873184.540960677,193652.25324630513,5463670.205793026,0.0
2022-10-04,25893240.89198964,184841.1162268618,5452424.991783504,0.0
2022-10-05,25905691.01694856,184311.30358003228,5440504.679471416,0.0
2022-10-06,25920883.540345915,181023.4653828896,5428599.994271202,0.0
2022-10-07,25938884.54031727,175140.51775610977,5416481.941926626,0.0
2022-10-08,25958337.950026903,168232.85478235266,5403936.195190749,0.0
2022-10-09,25978499.63100286,161127.5278354174,5390879.841161731,0.0
2022-10-10,26001682.030208666,151525.94302507775,5377299.026766262,0.0
2022-10-11,26021669.525342498,145848.2897539963,5362989.184903513,0.0
2022-10-12,26035408.471267015,146818.8817044146,5348279.647028577,0.0
2022-10-13,26050794.869502157,145987.9145229482,5333724.2159749,0.0
2022-10-14,26067564.49058203,143769.9176175435,5319172.591800431,0.0
2022-10-15,26085005.35354103,140992.0144552874,5304509.6320036845,0.0
2022-10-16,26103182.90170105,137634.67725549854,5289689.421043455,0.0
2022-10-17,26124763.34880627,131078.99904329216,5274664.652150444,0.0
2022-10-18,26136855.67206702,134480.4421226989,5259170.885810285,0.0
2022-10-19,26150995.52649607,135474.5654265149,5244036.908077418,0.0
2022-10-20,26166518.71103646,134927.17649611415,5229061.112467431,0.0
2022-10-21,26182725.016598795,133667.22084693666,5214114.762554272,0.0
2022-10-22,26198027.590411566,133340.8415166409,5199138.568071797,0.0
2022-10-23,26213731.283251926,132565.5516707597,5184210.165077318,0.0
2022-10-24,26233380.334077314,127834.61088208665,5169292.055040605,0.0
2022-10-25,26240510.794352517,135940.33817887347,5154055.867468616,0.0
2022-10-26,26249395.07368986,141543.29011002698,5139568.63620012,0.0
2022-10-27,26260419.91687086,144468.19703089475,5125618.886098251,0.0
2022-10-28,26271270.01130135,147255.3366773305,5111981.652021323,0.0
2022-10-29,26282055.919561457,149807.14373311205,5098643.936705435,0.0
2022-10-30,26293776.139244985,151146.15080326376,5085584.709951756,0.0
2022-10-31,26311080.062794745,146725.02028659286,5072701.916918667,0.0
2022-11-01,26308663.57237934,162326.84360280566,5059516.584017861,0.0
2022-11-02,26310754.15529943,172060.71558377278,5047692.129116804,0.0
2022-11-03,26315862.61594501,177909.67619031965,5036734.707864673,0.0
2022-11-04,26323339.289484333,180850.1730665231,5026317.537449146,0.0
2022-11-05,26332275.87717158,182034.6087020017,5016196.514126422,0.0
2022-11-06,26342780.859742213,181501.73617973554,5006224.404078056,0.0
2022-11-07,26359535.981762603,174713.0920768175,4996257.926160584,0.0
2022-11-08,26357295.271393407,187433.90543444164,4985777.823172157,0.0
2022-11-09,26355677.16050927,198423.89128338298,4976405.948207355,0.0
2022-11-10,26356544.190250307,205969.7083068622,4967993.101442839,0.0
2022-11-11,26358664.15575752,211594.22251739263,4960248.6217250945,0.0
2022-11-12,26361602.398866147,215894.90204844903,4953009.699085413,0.0
2022-11-13,26367186.447361574,217156.62517842776,4946163.927460007,0.0
2022-11-14,26381463.266998872,209586.62528861826,4939457.107712517,0.0
2022-11-15,26374124.552537434,224226.93538966295,4932155.51207291,0.0
2022-11-16,26370581.3300978,233820.0997523209,4926105.570149887,0.0
2022-11-17,26371453.85794855,238171.03147287827,4920882.11057858,0.0
2022-11-18,26375405.268501442,239055.83586062936,4916045.895637936,0.0
2022-11-19,26379708.49797963,239491.2014841971,4911307.300536178,0.0
2022-11-20,26385664.03448231,238214.43176100875,4906628.533756685,0.0
2022-11-21,26399814.177151095,228825.63392484502,4901867.188924066,0.0
2022-11-22,26391549.513095714,242607.10630908288,4896350.380595208,0.0
2022-11-23,26385370.26499869,253131.716485429,4892005.018515886,0.0
2022-11-24,26383855.29009127,258096.78401713836,4888554.925891597,0.0
2022-11-25,26385417.064720728,259555.75094371586,4885534.1843355615,0.0
2022-11-26,26388482.735642407,259374.62361538745,4882649.6407422125,0.0
2022-11-27,26393579.983846117,257162.52985531033,4879764.486298579,0.0
2022-11-28,26407813.80627761,245983.0398773196,4876710.153845077,0.0
2022-11-29,26400382.357046835,257381.44756750207,4872743.195385669,0.0
2022-11-30,26395842.073023763,264922.78741939936,4869742.139556844,0.0
2022-12-01,26394806.783721548,268318.1960635892,4867382.02021487,0.0
2022-12-02,26396386.693822622,268804.7857903113,4865315.520387073,0.0
2022-12-03,26398889.271424558,268317.98856971547,4863299.740005733,0.0
2022-12-04,26403867.77012459,265385.59551842907,4861253.634356991,0.0
2022-12-05,26417449.03829637,254083.59109039945,4858974.370613236,0.0
2022-12-06,26406260.910149436,268477.65302989626,4855768.436820673,0.0
2022-12-07,26397466.75233354,279267.00782841485,4853773.239838051,0.0
2022-12-08,26392194.618532732,285628.84617865644,4852683.535288619,0.0
2022-12-09,26389340.036209174,289039.65194582794,4852127.311845005,0.0
2022-12-10,26387496.6727684,291153.3608343242,4851856.966397284,0.0
2022-12-11,26389115.957600385,289627.6318850753,4851763.410514546,0.0
2022-12-12,26401717.774652958,277245.53843861405,4851543.686908434,0.0
2022-12-13,26386181.4930875,294028.15874820907,4850297.348164297,0.0
2022-12-14,26372779.97982832,307276.8215721077,4850450.198599577,0.0
2022-12-15,26365026.23082132,313778.8453816228,4851701.923797064,0.0
2022-12-16,26360001.740440305,317018.2012149481,4853487.058344753,0.0
2022-12-17,26355920.175732028,319054.6905141074,4855532.133753871,0.0
2022-12-18,26355373.836400796,317397.15120143647,4857736.012397773,0.0
2022-12-19,26367258.516462784,303457.1876517172,4859791.295885503,0.0
2022-12-20,26351196.47294221,318631.2410766247,4860679.285981168,0.0
2022-12-21,26335828.86937212,331855.8480672649,4862822.282560622,0.0
2022-12-22,26325826.980784923,338627.8126776819,4866052.206537402,0.0
2022-12-23,26319851.24181761,340827.70422543434,4869828.053956963,0.0
2022-12-24,26315703.382087395,341036.0047747233,4873767.613137889,0.0
2022-12-25,26315054.220153086,337748.0163784213,4877704.763468501,0.0
2022-12-26,26327684.743970428,321472.9310190123,4881349.325010567,0.0
2022-12-27,26311924.490595482,334957.6777444343,4883624.831660092,0.0
2022-12-28,26297512.614753783,345986.19049164624,4887008.194754579,0.0
2022-12-29,26289620.655727554,349596.3366808396,4891290.007591613,0.0
2022-12-30,26285366.10576551,349290.8407363299,4895850.053498164,0.0
2022-12-31,26283108.356033,347036.7009552145,4900361.943011789,0.0
2023-01-01,26282943.16574806,342899.6547759317,4904664.1794760125,0.0
2023-01-02,26296893.48664544,325011.98342952935,4908601.529925035,0.0
2023-01-03,26282805.494295068,336666.98880487843,4911034.516900062,0.0
2023-01-04,26271373.66687957,344710.62873407354,4914422.7043863665,0.0
2023-01-05,26266652.7804015,345392.64654914546,4918461.573049363,0.0
2023-01-06,26266161.08826675,341809.0568855664,4922536.854847695,0.0
2023-01-07,26267496.772540987,336715.9051640644,4926294.322294958,0.0
2023-01-08,26272435.24415246,328461.48503544705,4929610.270812101,0.0
2023-01-09,26288149.295506522,310133.181777505,4932224.522715982,0.0
2023-01-10,26284794.4181201,312408.12768997205,4933304.454189935,0.0
2023-01-11,26285198.940391053,310740.2530917044,4934567.806517253,0.0
2023-01-12,26289810.77942364,305009.81208509294,4935686.408491277,0.0
2023-01-13,26296803.211466096,297379.9976820302,4936323.790851884,0.0
2023-01-14,26305865.830420356,288316.45787442167,4936324.711705233,0.0
2023-01-15,26316740.45397888,278193.1918708447,4935573.354150284,0.0
2023-01-16,26334785.320749633,261736.15694556458,4933985.522304812,0.0
2023-01-17,26340586.248361155,258881.0559190827,4931039.69571977,0.0
2023-01-18,26349056.446839754,253578.92827779887,4927871.624882455,0.0
2023-01-19,26360418.804964166,245808.87723074155,4924279.317805099,0.0
2023-01-20,26373320.201553192,237126.74042059,4920060.058026225,0.0
2023-01-21,26386853.501843322,228512.22096568104,4915141.277191003,0.0
2023-01-22,26404475.208229277,216499.7066255295,4909532.085145199,0.0
2023-01-23,26425156.868655004,202396.23097561055,4902953.900369392,0.0
2023-01-24,26444130.63815685,191138.34380463487,4895238.018038521,0.0
2023-01-25,26459137.828247044,184742.8612688502,4886626.310484113,0.0
2023-01-26,26466848.959799465,186131.20378353563,4877526.836417007,0.0
2023-01-27,26477029.59398155,184889.31386950216,4868588.092148955,0.0
2023-01-28,26490871.534442294,180044.50081833347,4859590.9647393795,0.0
2023-01-29,26507003.48926599,173266.8072504118,4850236.703483604,0.0
2023-01-30,26527708.67278341,162431.66224862763,4840366.66496797,0.0
2023-01-31,26542531.506108247,158328.83428199153,4829646.659609766,0.0
2023-02-01,26557437.739406295,154429.54103658622,4818639.719557122,0.0
2023-02-02,26573836.93800408,149305.88913054956,4807364.172865373,0.0
2023-02-03,26591188.758868407,143598.50033271394,4795719.740798881,0.0
2023-02-04,26608803.357572403,138043.82480509867,4783659.817622502,0.0
2023-02-05,26626801.656660516,132506.1873462755,4771199.155993214,0.0
2023-02-06,26647926.65244048,124239.17379653463,4758341.173762988,0.0
2023-02-07,26664313.358309295,121332.32237142225,4744861.319319285,0.0
2023-02-08,26680103.66490589,119195.7396145942,4731207.595479516,0.0
2023-02-09,26697217.70288329,115844.49322658288,4717444.8038901305,0.0
2023-02-10,26714965.926902737,112068.40028877651,4703472.672808486,0.0
2023-02-11,26733066.29026678,108183.72306480806,4689256.986668412,0.0
2023-02-12,26751559.57520012,104157.474050429,4674789.950749449,0.0
2023-02-13,26772521.52495387,97924.40370424339,4660061.071341888,0.0
2023-02-14,26789066.83031058,96551.6781967912,4644888.491492631,0.0
2023-02-15,26805711.272768043,95117.88890645752,4629677.838325501,0.0
2023-02-16,26823139.66195967,92943.10412722155,4614424.23391311,0.0
2023-02-17,26841262.783129238,90177.82648466216,4599066.390386104,0.0
2023-02-18,26859675.11508117,87276.0668864352,4583555.818032401,0.0
2023-02-19,26878206.89417133,84418.15333486108,4567881.952493813,0.0
2023-02-20,26898985.3039338,79472.4466080676,4552049.249458137,0.0
2023-02-21,26916094.55018109,78527.23353959799,4535885.216279316,0.0
2023-02-22,26932842.976262487,77940.47315581136,4519723.550581706,0.0
2023-02-23,26950449.594015397,76463.41388387901,4503593.99210073,0.0
2023-02-24,26968389.5639759,74694.95053151705,4487422.485492588,0.0
2023-02-25,26986500.676403362,72821.26963740114,4471185.053959241,0.0
2023-02-26,27004879.60167316,70754.10425749685,4454873.294069349,0.0
2023-02-27,27025209.968143508,66825.5136041246,4438471.518252374,0.0
2023-02-28,27042171.325734768,66509.99597498226,4421825.6782902535,0.0
2023-03-01,27058750.45412622,66519.66630905872,4405236.879564726,0.0
2023-03-02,27077328.638524044,64446.53400540685,4388731.827470554,0.0
2023-03-03,27089432.297661398,68937.47168295809,4372137.230655651,0.0
2023-03-04,27109608.983814675,64899.66153327256,4355998.354652057,0.0
2023-03-06,27125110.975587934,65790.98962601094,4339605.0347860595,0.0
2023-03-07,27139756.000761863,67383.33748705203,4323367.661751088,0.0
2023-03-08,27155780.83907062,67382.52047562672,4307343.640453758,0.0
2023-03-09,27172565.55727289,66541.7712761497,4291399.671450966,0.0
2023-03-10,27189623.555630144,65417.80426022927,4275465.640109631,0.0
2023-03-11,27206922.883830693,64066.126506630244,4259517.989662683,0.0
2023-03-13,27222518.473779008,64450.63800657993,4243537.88821442,0.0
2023-03-14,27237363.16322008,65474.23505203379,4227669.601727894,0.0
2023-03-15,27253461.51122872,65079.87354271499,4211965.615228573,0.0
2023-03-16,27270271.339304864,63928.24403866964,4196307.4166564755,0.0
2023-03-17,27287407.876388147,62467.19978346006,4180631.923828402,0.0
2023-03-18,27304688.03600729,60905.42220143288,4164913.5417912873,0.0
2023-03-20,27319603.603716247,61759.27215871394,4149144.1241250494,0.0
2023-03-21,27334936.32433687,62046.25256954068,4133524.4230935974,0.0
2023-03-22,27349936.94645234,62563.413606268805,4118006.6399414013,0.0
2023-03-23,27365509.979652043,62387.650276948494,4102609.3700710144,0.0
2023-03-24,27381542.026502397,61690.47530396177,4087274.4981936463,0.0
2023-03-25,27397643.398993365,60905.16585373295,4071958.435152907,0.0
2023-03-26,27414052.19116913,59801.03708787311,4056653.771743002,0.0
2023-03-27,27432356.460027847,56816.55100957964,4041333.9889625804,0.0
2023-03-28,27446843.12997266,57820.77727578453,4025843.0927515626,0.0
2023-03-29,27461094.345436417,58899.65276189442,4010513.0018016947,0.0
2023-03-30,27476095.910445426,59061.98158265718,3995349.1079719234,0.0
2023-03-31,27491353.655985285,58878.837111296634,3980274.5069034244,0.0
2023-04-01,27507164.0285198,58082.893631059014,3965260.077849145,0.0
2023-04-03,27520595.328909047,59657.01345968112,3950254.657631277,0.0
2023-04-04,27533820.602197204,61231.48134252759,3935454.9164602743,0.0
2023-04-05,27546803.876779504,62843.2683910978,3920859.8548294026,0.0
2023-04-06,27560767.17605365,63268.27711463669,3906471.546831717,0.0
2023-04-07,27575353.53378781,62963.01011412184,3892190.456098073,0.0
2023-04-08,27590432.4860683,62119.08027464972,3877955.4336570553,0.0
2023-04-09,27605700.263236586,61085.1966118538,3863721.5401515663,0.0
2023-04-10,27623117.870937344,57916.125293069934,3849473.0037695924,0.0
2023-04-11,27636441.235956192,59033.08689374513,3835032.6771500693,0.0
2023-04-12,27649185.39934194,60564.34068156428,3820757.2599764997,0.0
2023-04-13,27663012.185641825,60814.50040499445,3806680.3139531873,0.0
2023-04-14,27676790.58721159,61021.8968713799,3792694.5159170358,0.0
2023-04-15,27690887.059791174,60824.07943105536,3778795.860777775,0.0
2023-04-16,27705384.039095063,60172.68083827777,3764950.2800666634,0.0
2023-04-17,27721786.790495396,57600.34832870071,3751119.8611759073,0.0
2023-04-18,27733195.389801275,60166.51941741855,3737145.09078131,0.0
2023-04-19,27744384.11525518,62669.69830577281,3723453.186439049,0.0
2023-04-20,27756648.381187376,63821.113346393664,3710037.5054662325,0.0
2023-04-21,27769284.568714708,64437.96093864298,3696784.470346652,0.0
2023-04-22,27782100.49106644,64757.61018073561,3683648.898752826,0.0
2023-04-23,27795620.735560205,64280.72853573456,3670605.5359040624,0.0
2023-04-24,27811655.763239726,61263.428067268585,3657587.808693008,0.0
2023-04-25,27823081.702283192,63040.563537685295,3644384.734179126,0.0
2023-04-26,27833983.625954088,65128.19676405741,3631395.1772818584,0.0
2023-04-27,27845617.601840496,66245.55643264065,3618643.841726866,0.0
2023-04-28,27857635.82104913,66822.17524873147,3606049.003702141,0.0
2023-04-29,27869534.066067643,67407.93470308675,3593564.999229275,0.0
2023-04-30,27881874.89106379,67440.07612273055,3581192.032813485,0.0
2023-05-01,27897090.851227857,64532.549804543916,3568883.598967604,0.0
2023-05-02,27907826.269222695,66285.34817076677,3556395.3826065427,0.0
2023-05-03,27916227.246135727,70164.66427259313,3544115.089591684,0.0
2023-05-04,27925014.821583685,73273.9971379679,3532218.1812783508,0.0
2023-05-05,27934617.912490077,75250.25537551657,3520638.8321344103,0.0
2023-05-08,27937155.10665075,84070.4841793487,3509281.4091699063,0.0
2023-05-09,27944401.5136966,87392.63399246275,3498712.8523109425,0.0
2023-05-10,27951288.077958155,90746.04537108834,3488472.876670762,0.0
2023-05-11,27959250.44234151,92694.12360528801,3478562.4340532087,0.0
2023-05-12,27967709.254511777,93934.51134604911,3468863.2341421815,0.0
2023-05-13,27976851.57068249,94339.94690432704,3459315.4824131923,0.0
2023-05-14,27986775.148094554,93882.7313112679,3449849.1205941853,0.0
2023-05-15,28000666.393697523,89448.46461243267,3440392.14169005,0.0
2023-05-16,28006844.354405973,93048.24204960075,3430614.4035444316,0.0
2023-05-17,28012661.426423695,96661.23795948389,3421184.335616826,0.0
2023-05-18,28020218.34810178,98187.35520884673,3412101.2966893795,0.0
2023-05-19,28028816.854585227,98499.80472651245,3403190.340688267,0.0
2023-05-20,28038208.806288667,97948.32093421191,3394349.872777126,0.0
2023-05-22,28044972.55565255,100026.61029667233,3385507.8340507797,0.0
2023-05-23,28052326.094822805,101298.40164204853,3376882.5035351496,0.0
2023-05-24,28059304.50734048,102796.6343057585,3368405.858353764,0.0
2023-05-25,28067685.536632247,102725.51365838054,3360095.9497093726,0.0
2023-05-26,28076762.016380794,101923.29602473495,3351821.687594471,0.0
2023-05-27,28086370.12481877,100614.66245468195,3343522.212726552,0.0
2023-05-30,28088960.7358824,106390.64547094335,3335155.618646658,0.0
2023-05-31,28094276.513975635,108920.22189685504,3327310.264127513,0.0
2023-06-01,28099844.065296274,110948.84347941607,3319714.091224314,0.0
2023-06-02,28107696.635752395,110486.08947062453,3312324.274776984,0.0
2023-06-03,28116409.25712628,109164.7440445627,3304932.998829161,0.0
2023-06-04,28126295.922120426,106742.070288864,3297469.007590714,0.0
2023-06-05,28139706.267158378,100959.47845488827,3289841.254386736,0.0
2023-06-06,28147513.473430313,101221.84174313255,3281771.684826558,0.0
2023-06-07,28157203.331854448,99539.42887845254,3273764.2392671052,0.0
2023-06-08,28164055.153050784,100794.65628154099,3265657.1906676814,0.0
2023-06-09,28170956.439004123,101855.69981017309,3257694.861185711,0.0
2023-06-12,28170776.91331005,109869.67672592872,3249860.4099640264,0.0
2023-06-13,28177732.21535987,110044.49355767663,3242730.291082458,0.0
2023-06-14,28185111.866815284,109744.80059238947,3235650.332592333,0.0
2023-06-15,28193757.118478246,108168.98214322115,3228580.89937854,0.0
2023-06-16,28203088.02297514,106002.95662533378,3221416.0203995346,0.0
2023-06-17,28212495.103077136,103904.71122543108,3214107.1856974396,0.0
2023-06-18,28222591.639005624,101254.6201937203,3206660.740800663,0.0
2023-06-19,28235808.94270963,95666.48671764151,3199031.5705727385,0.0
2023-06-20,28243277.10056249,96253.16832007727,3190976.731117439,0.0
2023-06-21,28250439.984218076,97056.15534951085,3183010.860432418,0.0
2023-06-22,28258947.03852024,96408.49445550145,3175151.4670242653,0.0
2023-06-23,28268061.795855362,95167.58941569483,3167277.614728951,0.0
2023-06-24,28277325.183929008,93841.67949419217,3159340.136576809,0.0
2023-06-25,28286843.88461189,92330.82009617423,3151332.295291943,0.0
2023-06-26,28299772.54608835,87495.36202819177,3143239.0918834656,0.0
2023-06-27,28306353.741547767,89368.24697985186,3134785.011472388,0.0
2023-06-28,28312773.66660513,91204.68248052415,3126528.6509143542,0.0
2023-06-29,28319838.3098597,92202.69383464064,3118465.996305666,0.0
2023-06-30,28319299.63984123,100680.87024636546,3110526.489912413,0.0
2023-07-01,28332236.272290792,94940.35801591713,3103330.3696932993,0.0
2023-07-02,28340577.924139258,94235.308300596,3095693.7675601537,0.0
2023-07-03,28352736.39297706,89733.77771164654,3088036.8293113024,0.0
2023-07-04,28356594.577123616,93867.87416157988,3080044.5487148124,0.0
2023-07-05,28359969.79986719,98101.84060616874,3072435.3595266496,0.0
2023-07-06,28364257.976664823,101033.38783585673,3065215.6354993284,0.0
2023-07-07,28368774.05484232,103457.61664548062,3058275.3285122076,0.0
2023-07-08,28373482.43148488,105453.63446390574,3051570.9340512212,0.0
2023-07-09,28379645.28615514,105795.98280340157,3045065.7310414696,0.0
2023-07-10,28390754.614810344,101130.91623071923,3038621.4689589445,0.0
2023-07-11,28392533.72215514,106151.05018356953,3031822.2276612995,0.0
2023-07-12,28388552.833293445,116480.51301833327,3025473.653688229,0.0
2023-07-13,28390900.201561887,119592.6304378116,3020014.1680003097,0.0
2023-07-14,28393770.272401888,121896.44211147324,3014840.2854866465,0.0
2023-07-15,28396731.47382932,123892.03741622096,3009883.4887544657,0.0
2023-07-17,28395821.891273092,129567.99831067462,3005117.1104162396,0.0
2023-07-18,28393425.476825174,136235.85445088864,3000845.6687239446,0.0
2023-07-19,28389176.705168795,144181.2785314649,2997149.016299749,0.0
2023-07-20,28386208.450250294,150168.2324133533,2994130.317336362,0.0
2023-07-21,28383702.101836976,155181.26912304497,2991623.6290399884,0.0
2023-07-22,28381233.219982177,159728.22378583223,2989545.556232001,0.0
2023-07-23,28379533.94776334,163117.78121160815,2987855.2710250653,0.0
2023-07-24,28387164.224118464,156888.00537104468,2986454.7705105036,0.0
2023-07-25,28379393.497971017,166569.30092524798,2984544.201103748,0.0
2023-07-26,28369130.218976535,177930.0489484524,2983446.7320750244,0.0
2023-07-27,28360768.45263691,186440.85488573086,2983297.6924773706,0.0
2023-07-28,28354361.941099297,192289.2639302152,2983855.7949705,0.0
2023-07-29,28348358.22007415,197252.25502400735,2984896.5249018553,0.0
2023-07-30,28344685.70269866,199477.31785701474,2986343.9794443385,0.0
