time,S1,I1,R1,V1,S2,I2,R2,V2,S3,I3,R3,V3,Med_Cost,Wage_Loss,Death_Cost,Vacc_Cost,GDP_Loss,Total_Rate,Cumulative_Med_Cost,Cumulative_Wage_Loss,Cumulative_Death_Cost,Cumulative_Vacc_Cost,Cumulative_GDP_Loss,Cumulative_Cost
0.0,6246073.0,1.0,0.0,0.0,31530507.0,1.0,0.0,0.0,13972160.0,1.0,0.0,0.0,482.40000000000003,193.33341,66.12922678,0.0,5681363.14014439,5682105.00278117,482.40000000000003,193.33341,66.12922678,0.0,5681363.14014439,5682105.00278117
1.0,6183734.442302417,1.0868921565309968,0.1306838443367671,62338.340121579684,31215818.84773491,1.7964203983317242,0.1154214361838346,314687.24042324786,13832711.625368848,1.4954378873585663,0.05964681083499017,139447.8195464511,704.103071109183,281.271016510487,98.9732343073646,18469088.787264124,5681363.14014439,24151536.27473044,1186.503071109183,474.604426510487,165.1024610873646,18469088.787264124,11362726.28028878,29833641.27751161
2.0,6122329.102824565,1.189534216921915,0.27256749848607204,123743.43507371742,30905841.533509184,2.7522366660771787,0.3030209016536877,624663.4112332425,13695350.730242807,2.109948920453893,0.14563424539356232,276808.01417402265,973.1165443952402,387.6333458813088,139.70186261437524,36661683.410799935,5681363.14014439,42344547.00269722,2159.6196155044236,862.2377723917957,304.8043237017398,55130772.19806406,17044089.42043317,72178188.28020883
3.0,6061843.0056466935,1.310797100085936,0.4277451571504498,184229.255811048,30600504.488667075,3.896944886801052,0.5769042197393168,929999.0374838121,13560046.034679698,2.865924268696447,0.2640887646329466,412111.8353072636,1298.2455338978166,515.8436197399488,189.79764355799713,54581922.99881194,5681363.14014439,60265290.02575353,3457.86514940224,1378.0813921317445,494.60196725973697,109712695.19687599,22725452.56057756,132443478.30596235
4.0,6002262.383214282,1.4540158405705184,0.5986889533513069,243809.56408092304,30299738.193391282,5.2648942583790665,0.9537597283311209,1230763.5879547219,13426766.722036514,3.7894819169017753,0.4222718757160788,545390.0662096889,1689.749436148899,669.8897201941097,250.98984752743013,72233884.68445314,5681363.14014439,77917858.4536014,5147.614585551139,2047.9711123258542,745.5918147871671,181946579.88132912,28406815.70072195,210361336.75956374
5.0,5943573.6730914265,1.62305319285734,0.7883092064456895,302497.9155461728,30003474.159863316,6.895974824678852,1.4532777120163571,1527025.4908841401,13295482.431286253,4.911007082114509,0.6287667461316048,676673.0289399157,2159.5496440238326,854.4046325235452,325.29025787278226,89621584.52883938,5681363.14014439,95306286.91351819,7307.164229574972,2902.3757448493993,1070.8820726599492,271568164.4101685,34088178.84086634,305667623.67308193
6.0,5885763.514746972,1.8223701443843254,1.0000227143356335,360307.66286016704,29711644.915532276,8.836384197427135,2.0986278271512235,1818852.1494556915,13166163.249355065,6.265756901993033,0.8936912430891675,805990.5911967879,2721.461408003763,1074.7562026766752,415.0331991758631,106748978.42961223,5681363.14014439,112434552.82056649,10028.625637578734,3977.1319475260743,1485.9152718358123,378317142.83978075,39769541.981010735,418102176.4936484
7.0,5828818.746371867,2.057103948395137,1.2378300469780388,417251.95869413525,29424183.986478023,11.139480905267355,2.9170017884208246,2106309.957039278,13038779.703470398,7.894535960080792,1.2289408200157257,933372.1730528172,3391.4522268499204,1337.1471226713566,522.9202537694104,123619963.01499559,5681363.14014439,129306577.67474328,13420.077864428655,5314.279070197431,2008.8355256052228,501937105.8547763,45450905.12115513,547408754.1683917
8.0,5772726.401725508,2.333154170776083,1.5064027200238606,473343.7587175992,29141025.880851723,13.866730809661735,3.940228109739816,2389464.312189354,12913302.753509913,9.844448321074573,1.6484644833245652,1058846.7535772782,4187.9287948831925,1648.7259188020303,652.0700418307306,140238376.5235561,5681363.14014439,145926228.38845602,17608.006659311846,6963.004988999461,2660.9055674359533,642175482.3783324,51132268.26129952,693334982.5568477
9.0,5717473.707009071,2.657277310515329,1.8111812576279553,528595.8245323596,28862106.072377175,17.088753906900557,5.205466727918905,2668379.6334021823,12789703.78434058,12.169732542841489,2.168577575924614,1182442.8773492973,5132.054812649387,2017.7098241423437,806.0734928760306,156607999.66975006,5681363.14014439,162297318.6480241,22740.061471961235,8980.714813141803,3466.979060311984,798783482.0480825,56813631.40144391,855632301.2048718
10.0,5663048.077763735,3.037190541460393,2.1584851918140853,583020.7265605292,28587360.983895645,20.88647882417102,6.755991714230881,2943119.37363381,12667954.598137151,14.9326861985891,2.8083153187558785,1304188.6608613287,6248.101974726659,2453.5204182958864,989.0550408666749,172732556.4953507,5681363.14014439,178423610.31292894,28988.163446687893,11434.23523143769,4456.034101178659,971516038.5434332,62494994.54158831,1034055911.5178007
11.0,5609437.115791677,3.481685123411971,2.5556361143175486,636630.8468870834,28316727.970936313,25.352412477994918,8.64207088864503,3213746.0345803103,12548027.40666864,18.20468666976603,3.5898313675419606,1424111.7988133165,7563.8365108046055,2966.932939846758,1205.7401901403825,188615715.20683816,5681363.14014439,194308814.85662332,36551.9999574925,14401.168171284447,5661.774291319041,1160131753.7502713,68176357.6817327,1228364726.374424
12.0,5556628.606097608,4.000750038817929,3.0110949734422414,689438.382057378,28050145.305293858,30.592032618008183,10.921951843657002,3480321.180721672,12429894.823541004,22.06731527555805,4.538846004220387,1542239.5702977092,9110.943747527373,3570.2402106191794,1461.52991955174,204261088.9988249,5681363.14014439,209956594.85284698,45662.943705019876,17971.408381903628,7123.304210870781,1364392842.7490962,73857720.82187709,1438321321.227271
13.0,5504610.513848711,4.605706387636452,3.5346148505019417,741455.3458300501,27787552.15859434,36.725310861860926,13.662964317101157,3742905.453130472,12313529.856383992,26.61359180839804,5.685148824035869,1658598.84487537,10925.493136509584,4277.432100745535,1762.5823924070573,219672236.8635715,5681363.14014439,225370565.51134554,56588.43684152946,22248.84048264916,8885.886603277839,1584065079.6126676,79539083.96202148,1663691886.7386167
14.0,5453370.9813506985,5.309353072262532,4.137410524189158,792693.5718857034,27528888.58583014,43.88837398802931,16.942749543877284,4001558.583046319,12198905.898969747,31.94932678414386,7.0631611481243155,1773216.0885423163,13048.446258185262,5104.39148658562,2115.9024555747415,234852664.3866423,5681363.14014439,240554296.26698703,69636.88309971472,27353.23196923478,11001.78905885258,1818917743.9993098,85220447.10216588,1904246183.0056038
15.0,5402898.325037784,6.126124281463847,4.83234618571627,843164.7164917467,27274095.508844227,52.23531116877459,20.850627776392944,4256339.405216821,12085996.723250447,38.194598763051154,8.712563704827568,1886117.3695870803,15526.210301496967,6069.107647948583,2529.4394142537935,249805824.52873236,5681363.14014439,255511312.42624044,85163.09340121168,33422.33961718337,13531.228473106374,2068723568.528042,90901810.24231027,2159757495.431844
16.0,5353181.032474275,7.072259261966862,5.634142725118337,892880.2611237357,27023114.699743826,61.940134767608846,25.489115759279997,4507305.871005636,11974776.471302005,45.48536416754946,10.678995458241634,1997328.3643383645,18411.23951809773,7191.9080486797075,3012.193573467339,264535118.3936862,5681363.14014439,270245096.87497085,103574.33291930941,40614.24766586308,16543.422046573713,2333258686.921728,96583173.38245466,2430002592.306815
17.0,5304207.75936556,8.165984838078675,6.559606058952898,941851.5150435413,26775888.76422334,73.19890217555549,30.975606489552558,4754515.061267984,11865219.647160662,53.975207019244586,13.014829777674349,2106874.362802536,21762.687120486902,8495.709431494677,3574.3320370694323,279043895.9827188,5681363.14014439,284759091.8514523,125337.0200397963,49109.95709735775,20117.754083643144,2612302582.904447,102264536.52259906,2714761684.1582675
18.0,5255967.326576227,9.427711106700318,7.627878020324529,990089.6178346428,26532361.124776095,86.2320059657215,37.44422416951198,4998023.198993757,11757301.108539157,63.837235986951484,15.78003448026356,2214780.2741903705,25647.11005194723,10006.289139872919,4227.314252982261,293335456.9348312,5681363.14014439,299056700.78842044,150984.13009174354,59116.24623723067,24345.068336625405,2905638039.839278,107945899.66274345,3013818384.9466877
19.0,5208448.717153102,10.880240697121279,8.860711374618676,1037605.5418948234,26292476.003774654,101.28663938261968,45.04786777767565,5237885.661718172,11650996.058409035,75.26613604708439,19.043122592909054,2321070.6323323217,30139.22899319352,11752.577553568426,4984.027787349428,307413051.25340456,5681363.14014439,313141290.2278831,181123.35908493705,70868.8237907991,29329.096123974832,3213051091.092683,113627262.80288784,3326959675.174571
20.0,5161641.073350976,12.548991940200562,10.282770563351157,1084410.0948865176,26056178.406399217,118.63944384564056,53.960457197968495,5474156.993699728,11546280.036435612,88.48038191335418,22.882201001032136,2425769.600981471,35322.74588603061,13766.972489593847,5858.934800690084,321279880.01894146,5681363.14014439,327016191.8122622,216446.10497096766,84635.79628039294,35188.03092466491,3534330971.1116242,119308625.94303223,3653975866.986833
21.0,5115533.693658911,14.462236237131929,11.921959813306481,1130513.9221450363,25823414.10339395,138.5993447041147,64.37939636060189,5706890.917864973,11443128.91025219,103.7246201718837,27.38612448489604,2528900.979003152,41291.221138991365,16085.67637384833,6868.229684473876,334939096.0879106,5681363.14014439,340684704.3552523,257737.32610995902,100721.47265424127,42056.260609138786,3869270067.199535,124989989.08317663,3994660571.3420854
22.0,5070116.029824935,16.651349918978838,13.809780244564768,1175927.5090448991,25594129.613631092,161.51058147971963,76.52826781358331,5936140.347519603,11341518.866560059,121.2722270494229,32.65576262550895,2630488.2054502633,48149.01267845792,18749.056988108965,8030.008315981339,348393804.777648,5681363.14014439,354150095.9957749,305886.33878841694,119470.52964235023,50086.26892512012,4217663871.977183,130671352.22332102,4348810667.33786
23.0,5025377.683877212,19.151080655826107,15.98171772761523,1220661.1833244017,25368272.186463498,187.75593685440896,90.65977505908783,6161957.397824573,11241426.402041256,141.42804767792586,38.80538834537899,2730554.364522717,56012.278482256275,21802.03238540292,9364.449318675202,361647064.5372197,5681363.14014439,367415606.4375504,361898.6172706732,141272.56202775316,59450.71824379532,4579310936.514402,136352715.3634654,4716226273.775411
24.0,4981308.405139539,21.999828722045045,18.47766307491301,1264725.117368661,25145789.78384584,217.7601706781428,107.05894658958941,6384393.397036879,11142828.314070856,164.53132371858638,45.9641952997041,2829122.190410121,65010.0447574989,25294.480779344573,10894.007781706074,374701887.60420805,5681363.14014439,380484449.27767104,426908.6620281721,166567.04280709772,70344.7260255014,4954012824.11861,142034078.50360978,5096710723.0530815
25.0,4937898.087239504,25.239942940589252,21.342366358186904,1308129.3304511942,24926631.062206727,251.99366106036757,126.04661922385925,6603498.897512971,11045701.69121661,190.9588138609736,54.27795384219006,2926214.0720156822,75285.3407921984,29281.675759253238,12643.62173643252,387561240.6472793,5681363.14014439,393359814.42571163,502194.0028203705,195848.71856635096,82988.34776193392,5341574064.76589,147715441.64375415,5490070537.478793
26.0,4895136.765107284,28.918031524212154,24.62592694861999,1350883.69093424,24710745.354052696,290.976257923274,147.9832151498419,6819323.686474213,10950023.9035131,221.12811347972374,63.91081315760465,3021852.0575602585,86996.40239069535,33824.747537249335,14640.931805097196,400228045.3944811,5681363.14014439,406044870.6163586,589190.4052110659,229673.46610360028,97629.27956703112,5741802110.160371,153396804.78389853,5896115408.095152
27.0,4853014.611963561,33.0852875417588,28.38432103071206,1392997.9184278636,24498082.649287473,335.28135005949844,173.27283028216576,7031916.796532168,10855772.592498934,255.50117722318555,75.04725941627296,3116057.8590644225,100317.94462377041,38991.17046257048,16916.514270448253,412705179.2471144,5681363.14014439,418542768.0166156,689508.3498348363,268664.6365661708,114545.79383747937,6154507289.407485,159078167.9240429,6314658176.111768
28.0,4811521.936294991,37.79782889018417,32.67996814300506,1434481.585907973,24288593.57623073,385.5401476621831,202.36764924331882,7241326.515972348,10762925.661006074,294.58804850889084,87.8942384447436,3208852.856706968,115442.50482985031,44855.27712648217,19504.127828556313,424995475.8790814,5681363.14014439,430856640.92901075,804950.8546646866,313519.91369265295,134049.9216660357,6579502765.286567,164759531.0641873,6745514817.040778
29.0,4770649.178815729,43.11705251189913,37.58233846586125,1475344.1217932897,24082229.38232004,442.44618135632015,235.7727042954612,7447600.398794295,10671461.262689987,338.9507996110705,102.68345263858629,3300258.1030577584,132581.8565834698,51498.799288627975,22440.974267741298,437101725.8215575,5681363.14014439,442989610.59184176,937532.7112481564,365018.7129812809,156490.89593377698,7016604491.108124,170440894.20433167,7188504427.63262
30.0,4734350.3905783985,49.11087697138014,43.16860867552745,1511631.3299359537,23898949.524414845,506.767744940115,274.0510313354614,7630777.656808869,10590223.664797729,389.21273854991784,119.67385543151833,3381428.4486082834,151970.6907621952,59012.30291961961,25768.308151165576,447852426.68822706,5681363.14014439,453770541.13020444,1089503.4020103517,424031.01590090053,182259.20408494255,7464456917.7963505,176122257.34447604,7642274968.762824
31.0,4718214.860605899,55.897994982148646,49.52659919234057,1527753.7147999268,23817447.65153152,579.7440182810924,317.84240853357596,7712162.762041654,10554083.549297543,446.3211821999621,139.15936601596047,3417491.9701542365,173979.68183048308,67539.7775333772,29548.849370203017,452628926.0645705,5681363.14014439,458581357.51344895,1263483.0838408347,491570.79343427776,211808.05345514556,7917085843.860921,181803620.48462042,8100856326.276273
32.0,4702238.9194557825,63.603037079355786,56.760120368920155,1543714.7173867691,23736744.456596635,662.6997409787958,367.8970143065773,7792732.946648075,10518293.964493467,511.30336257171655,161.4825578197515,3453194.249586138,199007.0674132828,77235.6778136386,33850.6034392805,457357594.8310863,5681363.14014439,463349051.3198969,1462490.1512541175,568806.4712479163,245658.65689442607,8374443438.692007,187484983.6247648,8564205377.596169
33.0,4686420.725840301,72.34416458838558,64.98714452623743,1559515.9428505844,23656829.72170561,756.9332312401564,425.0673074673966,7872496.277755678,10482849.931727279,585.1913710399365,187.0326759516659,3488538.844225727,227446.57771245137,88252.28943115586,38741.88828605316,462038906.0783919,5681363.14014439,468074709.973966,1689936.7289665688,657058.7606790722,284400.54518047924,8836482344.7704,193166346.76490918,9032280087.570135
34.0,4670758.426253578,82.25395865317965,74.34075661779094,1575158.979031151,23577693.050431434,863.9030962393336,490.31612150498347,7951460.730350817,10447746.33624301,669.1457612399383,216.2497452672701,3523529.2682504817,259740.69283409824,100760.73619601126,44299.5248557931,466673327.4401364,5681363.14014439,472759491.5341667,1949677.421800667,757819.4968750835,328700.07003627234,9303155672.210535,198847709.90505356,9505039579.104301
35.0,4655250.151462077,93.48108126581428,84.97098552584022,1590645.396471131,23499323.836113572,985.2469206322297,564.7301958797734,8029634.18676991,10412977.906320106,764.4706554889963,249.63084669285303,3558168.992177709,296386.34410783614,114953.18107358683,50609.83697162506,471261321.05697453,5681363.14014439,477404633.559272,2246063.765908503,872772.6779486703,379309.9070078974,9774416993.26751,204529073.04519793,9982444212.663574
36.0,4639894.012604816,106.19212572810045,97.04685569265474,1605976.7484137628,23421711.22651472,1122.8021124707973,649.5353551662095,8107024.436017638,10378539.189989481,872.6306103882627,287.7371644514768,3592461.442235677,337941.27565281535,131045.28184200345,57769.767625608096,475803343.5296146,5681363.14014439,482011462.9948795,2584005.0415613186,1003817.9597906738,437079.67463350546,10250220336.797125,210210436.1853423,10464455675.658453
37.0,4624688.096901301,120.5736567732622,110.75866088186623,1621154.5707810428,23344844.08482487,1278.6289120512956,746.1133519095376,8183639.172911161,10344424.529318765,995.2692478743351,331.2018124558941,3626409.999620903,385031.068125182,149278.90210872615,65888.11211497101,480299845.8608767,5681363.14014439,486581407.08337,2969036.1096865004,1153096.8618994,502967.78674847644,10730520182.658,215891799.3254867,10951037082.741823
38.0,4609630.462893312,136.83447544515326,126.32050245471642,1636180.382128788,23268710.94632425,1455.0359660310392,856.0206922335398,8259485.997017476,10310628.031808833,1134.229981476681,380.73858980392555,3660017.9996198863,438356.94801082206,169925.12523773356,75086.88984773234,484751273.38467747,5681363.14014439,491116005.48791814,3407393.057697322,1323021.9871371335,578054.6765962088,11215271456.042679,221573162.46563107,11442153088.229742
39.0,4594719.135184373,155.20812540414838,143.97311336241725,1651055.6835768595,23193299.970366545,1654.6086598765648,981.0096060485447,8334572.411367526,10277143.538676297,1291.5789971252077,437.1517422381326,3693288.7305843383,498704.4418108721,193287.5940450914,85502.8653631918,489158065.68090713,5681363.14014439,495616923.72227067,3906097.499508194,1516309.581182225,663557.5419594006,11704429521.723585,227254525.60577545,11937770011.952013
40.0,4579952.098626207,175.9556640574695,163.9869976686704,1665781.9587120654,23118598.887208343,1880.240479378393,1123.051388358843,8408905.820923917,10243964.589706866,1469.6307119515175,501.34683674174283,3726225.4327444416,566952.9583462909,219706.20831811446,97289.23335490363,493520656.47472394,5681363.14014439,500085968.01488763,4473050.457854485,1736015.7895003394,760846.7753143043,12197950178.198309,232935888.74591982,12437855979.9669
41.0,4565327.2918956345,199.36872478901438,186.66591858840295,1680360.6734609862,23044594.939157233,2135.1677041150742,1284.3623620961357,8482493.53077655,10211084.384328818,1670.9759603659472,574.3428677157473,3758831.296843101,644086.3921946218,249561.2159939218,110617.48419399136,497839473.5186435,5681363.14014439,504525101.75117046,5117136.850049107,1985577.0054942612,871464.2595082957,12695789651.716953,238617251.8860642,12942381081.718071
42.0,4550842.6003909055,225.77290292542224,212.35077695086008,1694793.275929216,22971274.815374732,2423.007810450006,1467.4327814206322,8555342.744033393,10178495.738465784,1898.5132190316629,657.2857458622912,3791109.462569322,731204.8643310603,283277.7427035092,125679.47057606536,502114938.4553418,5681363.14014439,508936463.67309684,5848341.714380167,2268854.74819777,997143.730084361,13197904590.172295,244298615.02620858,13451317545.391169
43.0,4536495.848393696,255.53149012595887,241.42391184362486,1709081.1962043326,22898624.579831954,2747.8018692091837,1675.058917477038,8627460.559381355,10146191.036835546,2155.483105805096,751.4632845574513,3823063.016774092,829537.6875945504,321330.79343346966,142689.6908488452,506347466.65958565,5681363.14014439,513322387.9716069,6677879.401974718,2590185.54163124,1139833.4209332063,13704252056.83188,249979978.16635296,13964639933.362776
44.0,4522284.790412386,289.04959563847274,274.313873596524,1723225.8461183782,22826629.591630492,3114.0613830199673,1910.3787086383268,8698853.968277842,10114162.180172456,2445.5065201720895,858.3218648541402,3854694.9914425164,940457.6938119493,364250.7790033668,161887.81334367784,510537467.05679315,5681363.14014439,517685426.48309654,7618337.095786667,2954436.3206346068,1301721.2342768842,14214789523.888674,255661341.30649734,14482325359.845873
45.0,4508207.1016275,326.7786905446705,311.50071608808304,1737228.6189658665,22755274.41695044,3526.819980264375,2176.9113334666968,8769529.851735823,10082400.526884526,2772.626768871967,979.4849491101814,3886008.361397492,1065497.050700707,412629.6167124355,183541.464456831,514685341.9158667,5681363.14014439,522028373.18788105,8683834.146487374,3367065.9373470424,1485262.6987337153,14729474865.80454,261342704.4466417,15004353733.033754
46.0,4494260.367352249,369.2216142608122,353.52186061879047,1751090.8891728704,22684542.731813915,3991.6904200245176,2478.6011051817245,8839494.976660872,10050896.82860797,3141.3560520263027,1116.773632681776,3917006.0417073206,1206364.7082789105,467127.45896863093,207949.30531911706,518791486.6136684,5681363.14014439,526354291.22637945,9890198.854766285,3834193.3963156734,1693212.0040528325,15248266352.41821,267024067.5867861,15530708024.260134
47.0,4480442.071412257,416.93808643166335,400.97858904688366,1764814.0119122623,22614417.21477118,4514.927406491005,2819.8661280935194,8908755.99169423,10019641.159069136,3556.7267212105626,1272.2294429312276,3947690.884766721,1364965.6280326236,528480.1089253706,235444.42428302902,522856289.3682261,5681363.14014439,530666542.6696115,11255164.482798908,4362673.505241044,1928656.4283358615,15771122641.786436,272705430.7269305,16061374566.929745
48.0,4466749.583338907,470.5507715456471,454.54322989276346,1778399.3226596531,22544879.428527646,5103.496758936217,3205.6522024127153,8977319.422511,9988622.835606033,4024.3477598664094,1448.1396166738787,3978065.6770174257,1543421.9626880025,597507.1877795721,266398.0750350589,526880130.9374457,5681363.14014439,534968821.3030927,12798586.44548691,4960180.693020616,2195054.50337092,16298002772.723883,278386793.8670749,16596343388.232838
49.0,4453180.144262276,530.7519468536522,514.9671068223095,1791848.1366840473,22475909.689453628,5765.151520899787,3641.492507820786,9045191.666517647,9957830.33265277,4550.466967579058,1647.0651082890959,4008133.1352713606,1744096.3660014658,675121.1228373145,301223.79220079613,530863384.2797964,5681363.14014439,539265188.7009804,14542682.811488377,5635301.81585793,2496278.2955717165,16828866157.00368,284068157.0072193,17135608576.933819
50.0,4439730.851387828,598.3108250002614,583.0893200281089,1805161.7484671427,22407486.92390216,6508.515601120198,4133.573604499824,9112378.98689221,9927251.186479818,5142.039336757164,1871.8715846036907,4037895.902598821,1969617.614670722,762337.0264946467,340381.9167746448,534806414.17338425,5681363.14014439,543560113.8714687,16512300.426159099,6397638.842352577,2836660.2123463615,17363672571.177063,289749520.1473637,17679168690.805286
51.0,4426398.640907147,674.081596482743,659.8464531803597,1818341.431043189,22339588.509953808,7343.175694244066,4688.808459996392,9178887.505891943,9896871.89028694,5806.802237614058,2125.7637436221767,4067356.543731825,2222908.772157212,860283.5546654204,384384.5721351734,538709576.7886504,5681363.14014439,547858516.8277526,18735209.19831631,7257922.397017997,3221044.7844815347,17902382147.965714,295430883.28750813,18227027207.633038
52.0,4413180.269219324,759.0122461337884,746.2832817051849,1831388.4352528362,22272190.103448905,8279.782103629015,5314.917080268324,9244723.19736719,9866677.778902384,6553.357923464923,2412.3232320303578,4096517.5399421216,2507218.0855350187,970214.818293146,433801.12453204405,542573219.2108223,5681363.14014439,552165816.3793269,21242427.28385133,8228137.215311143,3654845.9090135787,18444955367.176537,301112246.42765254,18779193024.012363
53.0,4400072.292295944,854.1542153731032,843.5645868827487,1844303.9889018,22205265.44677297,9330.159287459748,6020.515543350612,9309891.878396211,9836652.902089877,7391.264031251235,2735.5505414028876,4125381.283337469,2826152.867480721,1093523.4451004935,489264.17271149496,546397678.9067248,5681363.14014439,556487982.5321618,24068580.15133205,9321660.660411635,4144110.0817250735,18991353046.08326,306793609.56779695,19335681006.544525
54.0,4387071.043021784,960.6729813346064,952.9881819152713,1857089.2958149656,22138786.15886257,10507.426937818509,6815.214245699262,9374399.199953904,9806779.885472113,8331.132740751429,3099.9112683473686,4153950.0705187875,3183716.611712651,1231754.8872956615,551476.1105900785,550183283.1304466,5681363.14014439,560831593.8801893,27252296.7630447,10553415.547707297,4695586.192315152,19541536329.213707,312474972.70794135,19896512600.424713
55.0,4374172.606342815,1079.8596244206794,1075.9992562145326,1869745.5347765496,22072721.504895613,11826.132405688331,7709.726171310248,9438250.636527378,9777039.778077964,9384.739257647521,3510.3871235967067,4182226.095540792,3584349.591071251,1386623.0713118713,621216.3069999387,553930348.2623671,5681363.14014439,565203900.3718946,30836646.35411595,11940038.619019167,5316802.4993150905,20095466677.476074,318156335.84808576,20461716500.796608
56.0,4361372.792023809,1213.143466206785,1214.2061650129076,1882273.858344971,22007038.143876478,13302.395397768445,8715.986152409374,9501451.474573335,9747411.885366278,10565.140376096182,3972.532150591925,4210211.442107035,4032973.221803483,1560027.498940524,699348.9525177747,557639179.0749061,5681363.14014439,569612891.8883122,34869619.575919434,13500066.117959691,6016151.451832865,20653105856.55098,323837698.98823017,21031329392.68492
57.0,4348667.104808293,1362.1058618536586,1369.397799600277,1894675.391530252,21941699.852258496,14954.065886312917,9847.282150362065,9564006.799704818,9717873.586548213,11886.803884222569,4492.534641896775,4237908.074925669,4535038.481688174,1754071.9108685267,786831.62390553,561310067.917908,5681363.14014439,574067373.0745145,39404658.057607606,15254138.028828219,6802983.075738396,21214415924.468887,329519062.1283746,21605396765.759438
58.0,4336050.711775215,1528.4952299738136,1543.5626730347863,1906951.2303217747,21876667.221768692,16800.89615552519,11118.399580602936,9625921.482495168,9688400.135048838,13365.749559581724,5077.285239063802,4265317.830152518,5096578.663968981,1971084.621475745,884724.6156078548,564943293.8165879,5681363.14014439,578577044.8577849,44501236.72157659,17225222.650303964,7687707.6913462505,21779359218.285477,335200425.268519,22183973810.61722
59.0,4323518.40666047,1714.2434111636808,1738.9098760734169,1919102.4400522916,21811897.329385724,18864.7279902201,12545.779854512079,9687200.162769534,9658964.440827608,15019.702563562654,5734.451771949543,4292442.404836881,5724266.773563388,2213640.6432838445,994201.0918520006,568539121.4738753,5681363.14014439,583152593.1227188,50225503.49513997,19438863.293587808,8681908.78319825,22347898339.759354,340881788.4086634,22767126403.73994
60.0,4316841.592663779,1921.586118662776,1957.8935410578495,1925352.9276765005,21776485.782494135,21170.635021146645,14147.703391710005,9718703.879093003,9642440.832228651,16868.880420809015,6472.564897508529,4306378.72245303,6425745.1309474455,2484691.136020082,1116599.2229899853,570387574.5249977,5681363.14014439,586095973.1550996,56651248.62608742,21923554.42960789,9798508.006188236,22918285914.28435,346563151.5488078,23353222376.89504
61.0,4321687.097468141,2154.392709696243,2203.329005101116,1920029.1808170625,21798987.674369015,23759.22999866904,15945.035003515732,9691816.060628792,9651458.011193007,18944.252768563303,7301.321319470018,4294457.414718958,7213146.376690118,2788950.007674467,1253969.4732121797,568809382.9844537,5681363.14014439,585746811.9821748,63864395.00277754,24712504.437282357,11052477.479400415,23487095297.268806,352244514.6889522,23938969188.877213
62.0,4326442.238019185,2416.299083768182,2478.513127889288,1914736.9497691581,21820790.85649097,26669.8110704445,17962.014114224625,9665085.318324355,9660047.754661473,21276.60133563154,8231.914209709292,4282604.729793186,8098324.007566951,3131009.3182459176,1408349.5621313038,567240389.4444283,5681363.14014439,585559435.4725169,71962719.01034449,27843513.755528275,12460827.04153172,24054335686.713234,357925877.8290966,24524528624.349728
63.0,4331099.859403254,2710.986590977824,2787.1716934935325,1909475.9823122749,21841829.02114535,29942.849413218275,20225.998511777376,9638510.13092965,9668166.068280261,23898.093383275962,9276.96521363464,4270819.873122827,9093550.245505508,3515615.731262821,1581868.7609858583,565680502.0724036,5681363.14014439,585552899.9503021,81056269.25585,31359129.486791097,14042695.802517578,24620016188.785637,363607240.969241,25110081524.30003
64.0,4335651.873833451,3042.6041550857103,3133.5021567395042,1904246.0198547244,21862027.38576254,33623.913552836275,22767.786544871393,9612088.91413975,9675763.392401433,26844.923667370884,10450.676661620006,4259102.007269574,10212639.773147093,3948112.901004839,1776922.9445081328,564129625.0196023,5681363.14014439,585748663.7784067,91268909.0289971,35307242.38779593,15819618.747025711,25184145813.80524,369288604.10938543,25695830188.078438
65.0,4340089.142987471,3415.827042004958,3522.2334982222933,1899046.7964723024,21881301.637142137,37764.30105334607,25622.04991094273,9585820.01189357,9682783.915883696,30157.808737907457,11769.029171881724,4247450.246206513,11471140.242787965,4434515.286717436,1996207.3132379581,562587657.8715085,5681363.14014439,586170883.8543962,102740049.27178505,39741757.67451337,17815826.06026367,25746733471.67675,374969967.24952984,26282001071.932835
66.0,4344401.345841835,3835.922734137734,3958.693597613822,1893878.0378264138,21899556.748956636,42421.744456904875,28827.819993457262,9559701.686592994,9689164.809440618,33882.53819317718,13250.00345184698,4235863.648914356,12886545.025782544,4981590.603242029,2242752.886616781,561054495.0304153,5681363.14014439,586846746.686201,115626594.29756759,44723348.2777554,20058578.946880452,26307787966.707165,380651330.38967425,26868847818.619034
67.0,4348576.830322844,4308.824687022327,4448.885043517444,1888739.4599466163,21916685.658770505,47661.19902449629,32429.03409353914,9533732.108111456,9694835.370328655,38070.58837266999,14913.829104375352,4224341.212194297,14478530.42313753,5596951.77559542,2519967.130055765,559530025.0218247,5681363.14014439,587806837.4907578,130105124.72070512,50320300.05335082,22578546.07693622,26867317991.72899,386332693.52981865,27456654656.10979
68.0,4352602.447073277,4841.214734264265,4999.570330590346,1883630.7678618673,21932567.791024957,53555.71946742455,36475.14805100074,9507909.34145661,9699716.070538983,42779.80356047017,16783.263287871214,4212881.862612673,16269219.432155166,6289159.218449265,2831679.051928198,558014129.7162579,5681363.14014439,589085550.5589349,146374344.15286028,56609459.271800086,25410225.128864415,27425332121.445248,392014056.66996306,28045740206.668724
69.0,4356463.363457842,5440.614974730617,5618.367504574517,1878551.6540628525,21947067.41120675,60187.43338784724,41021.82246938109,9482231.332936013,9703717.500052547,48075.15007901557,18883.90238533097,4201484.447483103,18283474.309408225,7067834.319573644,3182189.126869593,556506683.4570751,5681363.14014439,590721544.353071,164657818.4622685,63677293.59137373,28592414.255734008,27981838804.90232,397695419.81010747,28636461751.021793
70.0,4360142.855563407,6115.490107452332,6313.8575555486,1873501.7967735913,21960031.794098638,67648.61996940737,46131.691291335934,9456695.89464061,9706739.195766063,54029.54898650787,21244.530475644297,4190147.7247717814,20549220.37738951,7943785.091738728,3576324.4239540324,555007552.0828108,5681363.14014439,592758245.1160374,185207038.83965802,71621078.68311246,32168738.67968804,28536846356.98513,403376782.9502519,29229219996.137833
71.0,4363622.076031337,6875.361108658508,7095.704849600334,1868480.858010404,21971289.190242853,76042.90142540398,51875.221269183814,9431300.687062548,9708668.347768266,60724.792148006505,23897.50826977833,4178870.3518139455,23097803.192876697,8929144.832245652,4019499.25592124,553516591.8326755,5681363.14014439,595244402.2538633,208304842.03253472,80550223.5153581,36188237.93560928,29090362948.817806,409058146.0903963,29824464398.391697
72.0,4366879.795784489,7730.930989120347,7974.791819269892,1863488.4814071194,21980646.57749491,85486.55259604663,58331.67023534709,9406043.199673684,9709378.376849303,68252.54457074731,26879.205842174324,4167650.8727377714,25964380.527471017,10037524.374359237,4517781.541289087,552033648.1245521,5681363.14014439,598234697.7078159,234269222.56000572,90587747.88971734,40706019.47689837,29642396596.94236,414739509.2305407,30422699096.099514
73.0,4369892.116986245,8694.223628354785,8963.369608304378,1858524.2897770954,21987887.179920394,96109.93571840916,65590.15513776513,9380920.729223426,9708727.3752021,76715.43657384966,30230.483772445208,4156487.704451599,29188351.02403467,11284178.685061568,5077965.116393925,550558554.1906478,5681363.14014439,601790412.1562823,263457573.5840404,101871926.57477891,45783984.593292296,30192955151.133007,420420872.3706851,31024489508.255795
74.0,4372632.154823764,9778.736478040728,10075.226315582859,1853587.8823826122,21992767.739752073,108059.06462334593,73750.840102795,9355930.355521781,9706556.405122913,86228.24692409275,33997.22689389574,4145379.1210590936,32813820.522497088,12686188.230965676,5707648.073073774,549091129.5565343,5681363.14014439,605980149.5232152,296271394.10653746,114558114.80574459,51491632.66636607,30742046280.68954,426102235.5108295,31630469657.77901
75.0,4375069.686160433,10999.60760204411,11325.874353761692,1848678.8318837616,21995015.533856608,121497.29805470139,82926.25359692815,9331068.91449176,9702687.655236555,96919.17395948016,38230.934222212825,4134323.2365817456,36890105.60228909,14262654.983010309,6415316.925829788,547631178.3505518,5681363.14014439,610880619.0018253,333161499.70882654,128820769.7887549,57906949.59219586,31289677459.040092,431783598.6509739,32241350276.780838
76.0,4377170.762811394,12373.797499974007,12732.758756354997,1843796.6809322766,21994325.126196,136607.16015666808,93242.7454179174,9306332.96822941,9696922.455214474,108931.18972694993,42989.36921296176,4123317.985845607,41472273.2992816,16034912.714094749,7210436.280465782,546178487.4278607,5681363.14014439,616577472.8618472,374633773.00810814,144855682.50284964,65117385.87266164,31835855946.467953,437464961.7911183,32857927749.642685
77.0,4378897.287724173,13920.285726952712,14315.488172917447,1838940.938375957,21990354.855194993,153592.27996920783,104842.0930132184,9281718.771822574,9689039.156267075,122423.46655827647,48337.27377082488,4112361.103403816,46621713.98651347,18026750.49368979,8103543.30560745,544732824.2944199,5681363.14014439,623166195.220375,421255486.99462163,162882432.9965394,73220929.17826909,32380588770.76237,443146324.93126273,33481093944.86306
78.0,4380206.552840337,15660.281854776731,16096.09026701092,1834111.0750378757,21982723.06273948,172679.43488438748,117883.26569425041,9257222.236681879,9678790.891595367,137572.85923295087,54347.14879483495,4101450.100376841,52406742.216316104,20264647.449305207,9106345.893406818,543293934.8165742,5681363.14014439,630753033.5157467,473662229.21093774,183147080.44584462,82327275.07167591,32923882705.578945,448827688.07140714,34111846978.378807
79.0,4381050.7382138185,17617.44963167939,18099.29312070187,1829306.5190338013,21971004.083011597,194120.67328176397,132544.35355508226,9232838.890151553,9665903.2407471,154575.41716902447,61100.10297105805,4090582.2391128116,58903217.245260835,22778015.691341594,10231822.819682937,541861540.7031423,5681363.14014439,639455959.599572,532565446.4561986,205925096.13718623,92559097.89135885,33465744246.28209,454509051.21155155,34751302937.97838
80.0,4381376.3729459625,19818.142392502326,20352.834070166507,1824526.6505913702,21954724.02269626,218195.4805231011,149024.66559008812,9208563.831190545,9650071.83283622,173647.89138292763,68686.7701835656,4079754.5055972813,66195171.49920381,25599446.973810833,11494323.572004285,540435336.7486801,5681363.14014439,649405641.9338434,598760617.9554024,231524543.11099705,104053421.46336314,34006179583.03077,460190414.35169595,35400708579.912224
81.0,4381123.760004201,22291.646602056586,22887.7970575385,1819770.796336206,21933356.383460313,245212.93687912423,167546.99770150898,9184391.681959044,9630959.939182844,195029.18742159934,77208.29380857696,4068963.579586975,74375430.36116706,28764956.797452036,12909664.618514577,539014987.8298683,5681363.14014439,660746402.7471464,673136048.3165694,260289499.90844908,116963086.08187772,34545194570.86064,465871777.49184036,36061454982.65937
82.0,4380226.368921956,25070.42895719566,25738.97910768805,1815038.2230131621,21906317.601496324,275513.79701496597,188360.0662809781,9160316.535207724,9608196.124736117,218981.69930942773,86777.37345302328,4058205.8025014275,83546200.78527957,32314217.406823713,14495217.820952501,537600125.6514299,5681363.14014439,673637124.80463,756682249.1018491,292603717.3152728,131458303.90283023,35082794696.51207,471553140.6319848,36735092107.464
83.0,4378610.202868029,28190.380663784967,28945.285851836947,1810328.1306163515,21872962.608397502,309472.3978278158,211741.09631763716,9136331.897457035,9581372.050212733,245792.44043323543,97519.36616748178,4047477.1431865455,93819599.20311368,36290768.42843672,16269985.430088546,536190345.2442551,5681363.14014439,688252061.4460385,850501848.3049628,328894485.7437095,147728289.33291876,35618985041.756325,477234503.7721292,37423344168.910034
84.0,4376193.1497576935,31691.050243594997,32550.155089030824,1805639.644909683,21832580.55414117,347498.2735904866,237998.544192931,9112430.628075404,9550040.544229873,275773.86436932435,109573.42963216847,4036773.161768629,105318080.66310768,40742190.61404272,18254654.584977705,534785201.2267929,5681363.14014439,704781490.2290653,955819928.9680704,369636676.3577522,165982943.91789648,36153770242.983116,482915866.9122736,38128125659.1391
85.0,4372884.331265309,35615.85333700155,36602.00606567446,1800971.8093320169,21784390.87909857,390037.32292121986,267474.9234444441,9088604.87453576,9513714.09825744,309264.2409627042,123093.68882146335,4026088.9719583862,118174720.68912484,45720224.1169574,20471622.404382955,533384203.85234356,5681363.14014439,723432134.2029531,1073994649.6571953,415356900.47470963,186454566.32227942,36687154446.83546,488597230.052418,38851557793.34205
86.0,4368583.468066057,40012.244974997004,41154.710662947175,1796323.576296,21727539.96902997,437572.3378669054,300549.6887809037,9064846.004322216,9471863.970151495,346627.42629692657,138250.40123352638,4015419.2023180453,132533291.0695237,51280808.748618886,22944980.99303455,531986814.87780064,5681363.14014439,744427258.8291221,1206527940.7267191,466637709.22332853,209399547.31531397,37219141261.71326,494278593.1925624,39595985052.17117
87.0,4363180.285952987,44931.8356294793,46268.08050550298,1791693.7979120328,21661098.691899385,490622.6588664633,337642.114995462,9041144.534238685,9423920.126459645,388251.8296428146,155231.08667324952,4004757.957224286,148548056.92151216,57484018.27891627,25700449.33168722,530592443.3080501,5681363.14014439,768006330.9803101,1355075997.6482313,524121727.50224483,235099996.64700118,37749733705.02131,499959956.3327068,40363991383.15148
88.0,4356553.994274918,50430.42805824962,52008.36147040219,1787081.216196433,21584061.180472095,549742.6746547795,379214.08667954063,9017490.05819358,9369272.295387555,434548.3483743061,174241.57773578947,3994098.778502343,166383209.33484352,64393855.74678832,28765236.893888906,529200441.0914306,5681363.14014439,794424106.2070956,1521459206.9830747,588515583.2490332,263865233.5408901,38278934146.11274,505641319.4728512,41158415489.358574
89.0,4348572.876064046,56567.94711525522,58448.72396303748,1782484.452857664,21495345.296501298,615518.8386810509,425772.68989071547,8993871.17492693,9307272.445617821,485947.00975371804,195506.9356343937,3983434.60899406,186211834.3244439,72077871.40803607,32167821.70646903,527810098.86720467,5681363.14014439,823948989.446298,1707671041.3075185,660593454.6570693,296033055.24735916,38806744244.97994,511322682.6129956,41982364478.80487
90.0,4339094.038409511,63408.22933117522,65669.73346014485,1777901.9987991725,21393795.289143864,688564.8259354313,477872.4672932804,8970275.417627417,9237239.047979169,542892.0297439495,219272.16261331696,3972757.7596635576,208214305.66969743,80606559.71418205,35937623.664760716,526420641.8969836,5681363.14014439,856860494.0857682,1915885346.977216,741200014.3712513,331970678.91211987,39333164886.87692,517004045.75314003,42839224972.89064
91.0,4327963.380922978,71018.63405378464,73759.78149392312,1773332.203529317,21278187.227582667,769514.4176983413,536117.1668033781,8946689.187915608,9158463.505882412,605834.9833928553,245802.62852367663,3962059.8822010485,232575980.051313,90052487.95585276,40104552.87538276,525031226.34558004,5681363.14014439,893445610.368273,2148461327.028529,831252502.3271041,372075231.78750265,39858196113.2225,522685408.89328444,43732670583.25891
92.0,4315015.849530987,79469.43330417703,82815.45243639358,1768773.2647284449,21147237.845178057,859011.6772572801,601160.7803164693,8923097.697248185,9070219.156024477,675225.7793198616,275384.1151966715,3951331.9494589856,259484067.89291605,100489106.98543711,44698412.65978595,523640936.11293757,5681363.14014439,933993886.791221,2407945394.9214454,931741609.3125412,416773644.4472886,40381837049.33544,528366772.03342885,44666664470.05013
93.0,4300076.052908332,88832.93324183309,92941.79555112752,1764223.2182987102,20999617.47684822,957697.9731510023,673707.6305091487,8899484.919491623,8971773.235804522,751501.1506728654,308322.36704512016,3940564.246477487,289123554.7761647,111989194.5905197,49748138.155983984,522248780.4614172,5681363.14014439,978791031.1242299,2697068949.69761,1043730803.9030609,466521782.60327256,40904085829.79686,534048135.17357326,45645455501.17436
94.0,4282959.325904111,99182.2786483476,104252.46614839535,1759679.929299149,20833967.766902022,1066195.4429055208,754511.2311425516,8875833.559049899,8862402.165712867,835070.4339040805,344942.0251861104,3929746.3751969365,321672063.3976382,124622887.43448514,55280855.34929312,520853692.7204044,5681363.14014439,1028110862.0419652,3018741013.095248,1168353691.337546,521802637.95256567,41424939522.517265,539729498.3137176,46673566363.216324
95.0,4263473.329139702,110589.89281923245,116869.69378740186,1755141.0842536674,20648924.775710814,1185086.5683273103,844371.6163911718,8852125.039570702,8741410.404961376,926298.5048296574,385584.8139564565,3918867.2762525054,357293574.528973,138455267.9032133,61320751.84468988,519454530.38674897,5681363.14014439,1082205487.8037694,3376034587.6242213,1306808959.2407594,583123389.7972555,41944394052.904015,545410861.453862,47755771851.020096
96.0,4241420.27398439,123125.51093580894,130924.02966753242,1750604.185412272,20443147.98438808,1314889.6837358158,944130.8130377313,8828339.518838368,8608152.978085885,1025485.9041088304,430606.846377847,3907915.271427433,396130976.6838972,153543491.29241744,67887761.44573627,518050076.9702479,5681363.14014439,1141293669.5324433,3772165564.3081183,1460352450.533177,651011151.2429918,42462444129.87426,551092224.5940063,48897065520.552536
97.0,4216599.854317443,136853.776262911,146553.82180202176,1746066.547617627,20215355.486839943,1456030.4485344384,1054666.1288802316,8804455.935745385,8462061.558465276,1132846.387818511,480374.9234408662,3896878.130275342,438297482.5086304,169933464.56733432,74996078.06499457,516639045.9437075,5681363.14014439,1205547434.224811,4210463046.8167486,1630285915.1005113,726007229.3079864,42979083175.81797,556773587.7341506,50102612954.77734
98.0,4188812.952089039,151831.38623881908,163904.36316010568,1741525.29851204,19964365.345661826,1608809.6174436226,1176880.9414478648,8780452.095446682,8302673.697387626,1248482.4199322423,535261.7184739959,3885743.16420613,483867046.5172412,187656124.57888964,82652533.08535105,515220087.15997505,5681363.14014439,1275077154.4816012,4694330093.33399,1817942039.679401,808659762.3933375,43494303262.97794,562454950.874295,51377690109.25894
99.0,4157866.155700125,168103.80290787178,183126.65852457532,1736977.3828674317,19689142.64409308,1773367.8386287775,1311692.7187810424,8756304.798497098,8129664.413670746,1372359.4632216385,595639.7724167844,3874497.3506908263,532864041.6451327,206723410.68537593,90854892.769577,513791796.0662995,5681363.14014439,1349915504.3065295,5227194134.979123,2024665450.3647768,899514655.1629145,44008095059.04424,568136314.0144393,52727605613.56547
100.0,4123577.0902383495,185701.5778239343,204375.76010203926,1732419.5718356804,19388851.221735995,1949648.6743169795,1460018.0849421658,8731990.019004857,7942878.939951107,1504280.294807982,661874.2760049275,3863127.489235978,585252591.9493825,227124080.74232063,99590156.78762713,512352725.9835362,5681363.14014439,1430000918.603011,5812446726.928506,2251789531.1070976,999104811.9505416,44520447785.02778,573817677.1545837,54157606532.16848
101.0,4085780.5043903557,204636.386619413,227808.63110274865,1727848.4778874863,19062908.4337657,2137361.565779736,1622754.8649724417,8707483.13548212,7742364.968778193,1643860.9583143408,734314.6835736262,3851620.389333835,640926112.8427291,248819579.4716322,108832964.47545832,510901403.616675,5681363.14014439,1515161423.546639,6453372839.7712345,2500609110.5787296,1107937776.4259999,45031349188.644455,579499040.294728,55672767955.71512
102.0,4044334.98934739,224896.92194965875,253581.51259337948,1723260.576109575,18711040.562881593,2335947.0048940033,1800761.2162694973,8682759.215954904,7528402.313257483,1790510.306210603,813285.2918843724,3839963.0886475365,699697760.675126,271740227.7474295,118544238.08502805,509436347.8142617,5681363.14014439,1605099937.4619896,7153070600.446361,2772349338.326159,1226482014.5110278,45540785536.45872,585180403.4348724,57277867893.17711
103.0,3999130.1349796588,246444.84321802988,281846.7894279802,1718652.2323743338,18333335.919979062,2544546.5810033553,1994832.142619428,8657793.356398154,7301527.6184775755,1943415.276665535,899075.0072115607,3828143.0976453237,761292597.5026168,295782043.66294634,128670204.95697206,507956091.4263009,5681363.14014439,1699382300.6889806,7914363197.948977,3068131381.989105,1355152219.468,46048741627.88502,590861766.5750167,58977250193.86609
104.0,3950093.8388405247,269211.04166990984,312749.3808375882,1714019.7386519802,17930292.005422324,2761980.9840700338,2205673.9424307765,8632561.068076862,7062551.519419803,2101534.17685377,991926.6395158974,3816148.6642105244,825342373.3770692,320804546.7630905,139141949.06746405,506459205.8807917,5681363.14014439,1797429438.2285597,8739705571.326046,3388935928.752196,1494294168.535464,46555200833.76581,596543129.7151611,60774679632.09465
105.0,3897199.407279993,293092.5211641592,346422.71614982205,1709359.3554060285,17502852.799454696,2986739.0999976383,2433877.3949207542,8607038.705626907,6812565.754514828,2263600.033957474,1092026.162243466,3803969.0492842263,891383810.1431789,346629893.88196653,149875628.5441074,504944327.8649417,5681363.14014439,1898515023.574339,9631089381.469225,3735565822.6341624,1644169797.0795715,47060145161.63075,602224492.8553054,62673194655.66899
106.0,3840472.022926375,317950.22152143327,382984.39492976415,1704667.3606224305,17052432.221218266,3216981.118462225,2679890.736518719,8581203.923800787,6552938.108148474,2428135.6262509073,1199492.4632847388,3791594.8023158745,958861168.1705183,373043659.9524608,160773466.13380766,503410187.26178986,5681363.14014439,2001769844.658721,10589950549.639744,4108609482.586623,1804943263.2133791,47563555348.89254,607905855.9954498,64674964500.32771
107.0,3779994.111452608,343608.1122734023,422531.67169741483,1699940.104576578,16580920.169047073,3450557.9856820335,2943993.698246021,8555036.147024868,6285293.739788608,2593481.0640850663,1314368.1726214841,3779018.023504836,1027133663.6561128,399797499.11485314,171725570.55055904,501855635.2778006,5681363.14014439,2106193731.73947,11617084213.295856,4508406981.701476,1976668833.7639382,48065410984.17034,613587219.1355941,66781158232.067184
108.0,3715909.1373620587,369853.8412502428,465136.9525189645,1695174.0688687372,16090668.60670487,3685048.3050689534,3226274.0561260795,8528517.03210009,6011482.6801381,2757833.550334192,1436612.1708072363,3766232.598720465,1095487900.021865,426613769.7696924,182612564.6282427,500279671.5008891,5681363.14014439,2210675269.0608335,12712572113.317722,4935020751.4711685,2159281398.392181,48565690655.671234,619268582.2757385,68991833501.12802
109.0,3648423.422628805,396441.16086804366,510843.4883100382,1690365.9281931163,15584455.948120156,3917813.1268633422,3526608.0195880444,8501630.905428449,5733533.754545874,2919298.552833299,1566094.298019965,3753234.3946008557,1163155296.7628014,453192135.6145103,193308969.87651053,498681468.7212337,5681363.14014439,2314019234.1152005,13875727410.080524,5388212887.085679,2352590368.2686915,49064372124.39247,624949945.4158828,71305852735.24323
110.0,3577805.6179765803,423094.24015017314,559661.529591438,1685512.6122818117,15065430.275059676,4146066.501854209,3844646.073313203,8474365.149772905,5453597.601012279,3075949.1900421903,1702592.8093137133,3740021.3996318113,1229333677.073089,479217843.8202059,203687136.2420338,497060394.02191025,5681363.14014439,2414980414.2973833,15105061087.153614,5867430730.905885,2556277504.5107255,49561432518.41438,630631308.5560272,73720833149.5406
111.0,3504383.670157667,449513.81827970454,611565.1456861463,1680611.3658764856,14537033.239613695,4366958.996426062,4179805.2404099116,8446710.523550324,5173881.542425561,3225890.8469535257,1845794.8067376283,3726593.803883278,1293212076.7948143,504371331.17845565,213621519.89128858,495416025.19276863,5681363.14014439,2512302316.1974716,16398273163.94843,6371802062.08434,2769899024.4020143,50056848543.607155,636312671.6961715,76233135465.73807
112.0,3428539.2381851985,475385.012189727,666489.9456119018,1675659.8040131754,14002908.485493636,4577669.351788892,4531268.769577911,8418661.393139554,4896580.667825261,3367326.4853624636,1995299.8366825492,3712954.01012972,1353997240.5740464,528338577.9928669,222993009.02201262,493748161.4124204,5681363.14014439,2604758352.1414905,17752270404.522476,6900140640.077207,2992892033.424027,50550596705.01958,641994034.8363159,78837893817.87956
113.0,3350699.7491235947,500386.4204306221,724331.8701975778,1670655.960248208,13466799.838093573,4775498.723959755,4897993.570815491,8390215.867131174,4623809.6123225,3498618.278162701,2150626.533398628,3699106.576116165,1410940150.346535,550821570.4722323,231693008.39754298,492056827.7090007,5681363.14014439,2691192920.0654554,19163210554.86901,7450962210.549438,3224585041.82157,51042653532.72858,647675397.9764602,81529086737.94502
114.0,3271328.443093206,524200.0395565261,784947.1917359905,1665598.3256142803,12932445.434451524,4957961.368238104,5278725.372482579,8361375.824827785,4357539.5857846495,3618341.300024558,2311222.02343029,3685058.0907604964,1463360835.4173255,571548186.2731055,239626999.89635083,490342272.94540364,5681363.14014439,2770559657.67233,20626571390.286335,8022510396.822544,3464212041.717921,51532995805.67398,653356761.1166046,84299646395.61736
115.0,3190912.9368226537,546521.4109997528,848153.7755688652,1660485.876608731,12403474.309757207,5122865.86388879,5672020.987025366,8332146.839328632,4099544.615023513,3725325.7875876687,2476473.6051534987,3670816.992235314,1510669860.4461746,590280864.622433,246717347.83814478,488604961.5642549,5681363.14014439,2841954397.6111517,22137241250.73251,8612791261.444977,3710929389.5560656,52021600767.238235,659038124.2567489,87141600793.2285
116.0,3109952.9359871964,567069.3817874672,913733.591140648,1655318.0910846915,11883311.556386517,5268381.785408044,6076276.6572307525,8302538.000974679,3851359.9856731095,3818685.597670727,2645722.0777325416,3656393.338923617,1552385191.7904913,606823531.9646308,252905191.5096694,486845559.65195155,5681363.14014439,2904640838.0568876,23689626442.523003,9219614793.409607,3963834581.065735,52508446326.89019,664719487.3968933,90046241631.28539
117.0,3028947.784869363,585594.8855822065,981436.3779506077,1650094.9515978259,11375097.19434302,5393088.085390364,6489761.067156588,8272561.653110023,3614254.623755474,3897831.811695045,2818276.0177908703,3641798.5467586047,1588143577.0529525,621026417.4710829,258151354.5824844,485064916.2164403,5681363.14014439,2958067628.4631042,25277770019.575954,9840641210.88069,4221985935.648219,52993511243.10663,670400850.5370376,93004309259.74849
118.0,2948384.523467243,601888.2343209423,1050984.3057625194,1644816.936449298,10881622.45016367,5496001.117023359,6910651.376547611,8242233.056265354,3389217.8346912027,3962471.77339858,2993426.2845115256,3627045.1073986865,1617706068.8586552,632788583.6838477,262436289.73375493,483264040.780053,5681363.14014439,3001876346.1964555,26895476088.43461,10473429794.564537,4484422225.381974,53476775283.88668,676082213.677182,96006185605.94495
119.0,2868727.048681829,615784.5406397021,1122077.411375733,1639484.9993027383,10405285.472693192,5576581.98526322,7337070.542267906,8211569.999775676,3176959.5990507477,4012595.017415294,3170460.0821021246,3612146.3014318286,1640957816.1655693,642058191.0285257,265759154.3420617,481444078.5062463,5681363.14014439,3035900603.1825476,28536433904.600178,11115487985.593063,4750181379.724036,53958219362.39293,681763576.8173263,99042086209.12749
120.0,2790406.8521714564,627167.0505997034,1194399.5584393558,1634100.5387894867,9948066.837549124,5634724.537576649,7767124.243982267,8180592.380891954,2977922.651491538,4048448.4251305135,3348674.003968177,3597115.919409767,1657902674.1397443,648830686.5532751,268136171.44984955,479606284.08590156,5681363.14014439,3060157179.368915,30194336578.73992,11764318672.14634,5018317551.173885,54437825646.47883,687444939.9574707,102102243388.4964
121.0,2713815.6555694975,635968.3340643187,1267624.6504581177,1628665.3599080686,9511523.709313387,5670726.614159313,8198935.905579595,8149321.770947701,2792303.925094651,4070503.4611099614,3527385.612477665,3581968.001317718,1668653504.2208421,653145239.5068871,269598464.58569914,477751995.5265238,5681363.14014439,3074830566.980097,31862990082.960762,12417463911.653227,5287916015.759584,54915577642.005356,693126303.097615,105177073955.4765
122.0,2639300.101808248,642169.4367260687,1341422.8322104092,1623181.6292552764,9096800.378644085,5685248.065376201,8630678.56968681,8117780.9862929,2620082.6457563764,4079418.498919051,3705943.2528948514,3566716.602429716,1673419228.9642286,655079829.9432265,270189565.5305935,475882608.8348894,5681363.14014439,3080252596.413082,33536409311.92499,13072543741.596453,5558105581.290178,55391460250.84025,698807666.2377594,108257326551.88959
123.0,2567158.5086432938,645797.2276557612,1415466.4375036445,1617651.8261973036,8704652.140458465,5679259.478493203,9060602.702128325,8085993.678920001,2461052.376882148,4075999.0886196615,3883733.943778506,3551375.590719679,1672489771.7987952,654745430.2756644,269962783.9305951,473999554.3871305,5681363.14014439,3076878903.5323296,35208899083.723785,13727289171.872118,5828068365.220774,55865459805.22738,704489029.3779037,111334205455.42192
124.0,2497639.5607040776,646920.2692206764,1489435.4780579468,1612078.6920173015,8335479.130633636,5653985.571676542,9487059.339309199,8053983.958380616,2314854.572785462,4061158.6331139295,4060189.3157231654,3535958.478377438,1666219967.4209926,652279709.3835095,268978602.3084654,472104275.5650067,5681363.14014439,3065263917.8181186,36875119051.144775,14379568881.255627,6097046967.529239,56337564080.79239,710170392.518048,114399469373.24004
125.0,2430942.718460057,645643.5886543322,1563022.5139960817,1606465.1788895319,7989366.742798232,5610846.891507435,9908518.312578088,8021776.053116239,2181011.614694539,4035881.420519048,4234789.677070505,3520478.2877159026,1655013401.629475,647840644.5653197,267302225.70183933,470198210.02524704,5681363.14014439,3046035845.0620255,38530132452.774254,15027409525.820946,6364349193.231078,56807762290.817635,715851755.6581924,117445505218.30206
126.0,2367220.0594578716,642102.7442490364,1635936.79602901,1600814.4002640843,7666129.522164329,5551402.895979921,10323581.565839633,7989394.016016111,2058957.7923380467,4001189.3927420164,4407066.364955599,3504947.4499643324,1639306961.3017328,641600360.3043691,265001377.6683578,468282773.7769043,5681363.14014439,3019872836.1915083,40169439414.07599,15669009886.125315,6629350570.899436,57276045064.594536,721533118.7983367,120465378054.49358
127.0,2306579.2376109767,636457.5601031698,1707907.6183506201,1595129.5839352359,7365355.887110824,5477298.825396551,10730991.811397348,7956861.476095274,1948067.1870754152,3958113.486376317,4576602.592390213,3489377.7341580493,1619556675.3976672,633739436.0444956,262144398.38745746,466359348.08018285,5681363.14014439,2987481221.0499473,41788996089.473656,16302749322.169811,6891494969.286894,57742404412.67472,727214481.9384811,123452859275.54352
128.0,2249087.2453695005,628885.8599553028,1778686.8659328842,1589414.0287423148,7086451.572863996,5390218.053215871,11129636.938132444,7924201.435787684,1847677.8594849312,3907669.908455298,4743033.029528364,3473780.202531402,1596225230.5175366,624441847.7244954,258798669.20780116,464429269.05411565,5681363.14014439,2949576379.6440935,43385221319.991196,16927191169.894306,7150293638.494695,58206833681.728836,732895845.0786254,126402435655.1876
129.0,2194774.684607962,619577.4719819749,1848050.777870008,1583671.065540057,6828680.251729554,5291840.940182585,11518550.69656587,7891436.111521986,1757112.1157879794,3850841.3317754716,4906042.364003087,3458165.188433457,1569771366.8255575,613890636.8357121,255029362.92520335,462493819.7901191,5681363.14014439,2906866549.5167365,44954992686.81675,17541081806.73002,7405323001.419898,58669327501.51895,738577208.2187698,129309302204.70435
130.0,2143640.287865166,608728.7110141801,1915800.97832646,1577904.0227941955,6591200.307260789,5183810.63571592,11896910.243047012,7858586.813976276,1675692.911733773,3788562.7193148574,5065363.076221758,3442542.292729608,1540641212.220029,602264340.6775558,250898500.79407948,460554224.71092284,5681363.14014439,2860039641.5427313,46495633899.03678,18143346147.407574,7656221502.213978,59129881726.22987,744258571.3589141,132169341846.24707
131.0,2095655.475470014,596537.4794623477,1981764.8481489357,1572116.1969187048,6373097.192013743,5067705.805219828,12264031.139132036,7825673.863634385,1602756.6510890934,3721711.3084072364,5220772.645665783,3426920.3948378814,1509261498.5687778,589734170.3026721,246464285.3675383,458611645.8847811,5681363.14014439,2809752963.263914,48004895397.60556,18733080317.710247,7902685787.581516,59588493372.114655,749939934.4990585,134979094809.51099
132.0,2050768.7805176342,583199.0684792462,2045795.3237244373,1566310.8272786846,6173411.164131603,4945019.9167182725,12619360.38224302,7792716.536907098,1537662.7585883234,3651100.1885848357,5372090.377933505,3411307.674893331,1476034523.1442027,576461888.507415,241780671.79356807,456667180.99746907,5681363.14014439,2756625627.582799,49480929920.74976,19309542206.217663,8144466459.375084,60045160553.11212,755621297.6392028,137735720437.09378
133.0,2008910.019583563,568902.6886297585,2107770.2161519756,1560491.0756347051,5991160.480067516,4817146.48364529,12962467.998235483,7759733.038051704,1479800.4689010202,3577474.8748584813,5519174.012260078,3395711.643980415,1441334666.7790716,562598317.6274318,236897138.01127523,454721862.6941656,5681363.14014439,2701233348.2520885,50922264587.52883,19872140523.845093,8381363597.386359,60499882415.80629,761302660.7793472,140436953785.34586
134.0,1969994.1201059478,553828.7261026617,2167591.144068942,1554660.0097224505,5825360.276304839,4685369.554091326,13293037.677305115,7726740.49229871,1428593.2829336314,3501512.292338,5661916.244967278,3380139.179761085,1405506260.0631435,548282397.3723809,231858615.19129357,452776659.0205331,5681363.14014439,2644105294.7874956,52327770847.59197,20420422921.217472,8613222212.577652,60952659074.82682,766984023.9194915,143081059080.13336
135.0,1933924.569433019,538146.6682063133,2225182.1718232953,1548820.5905373746,5675037.602587654,4550858.596405403,13610856.845028585,7693754.955978352,1383501.5401542664,3423821.6318189707,5800241.262523069,3364596.5655036895,1368862564.9460545,533640700.9497261,226705542.60301656,450832474.7258143,5681363.14014439,2585722646.3647556,53696633412.538025,20954063622.1672,8839927755.180668,61403491549.552635,772665387.0596359,145666781726.4981
136.0,1900596.4490374438,522013.65524829266,2280488.232750599,1542975.6629636667,5539242.967987394,4414667.069760993,13915806.522340264,7660791.439911342,1344023.4919060837,3344946.603832434,5934101.373620814,3349089.530640664,1331685674.4777486,518787332.0401757,221474015.59900492,448890153.21452045,5681363.14014439,2526518538.471594,55028319087.01577,21472850954.207375,9061401770.779673,61852381702.76716,778346750.1997802,148193300264.9697
137.0,1869899.0644392292,505573.5721512792,2333473.4141346384,1537127.9492748552,5417058.935885624,4277733.881035692,14207851.240360262,7627863.9427184155,1309695.2382760213,3265368.67995855,6063473.7901395485,3333623.291625876,1294227122.2097998,503824118.5375281,216195999.41802433,446950478.9662207,5681363.14014439,2466879082.271717,56322546209.22557,21976675072.744904,9277597770.197697,62299332181.733376,784028113.3399246,150660179347.24142
138.0,1841718.1836711841,488956.60415676865,2384119.16706286,1531280.045109189,5307606.213403801,4140887.070092125,14487029.225212736,7594985.491291331,1280089.8227967958,3185510.987809077,6188357.597315864,3318202.5920782583,1256709029.6589217,488841033.71588117,210899586.65724283,445014180.274401,5681363.14014439,2407145193.446591,57579255238.88449,22465516106.460785,9488497356.85494,62744346362.007774,789709476.4800689,153067324540.68802
139.0,1815937.9105285928,472279.1776497673,2432422.494291569,1525434.4175300736,5210047.66916856,4004849.1338381437,14753443.010882758,7562168.186110534,1254815.731775074,3105742.5896708583,6308770.937056492,3302831.74149757,1219325640.9063303,473916783.2428361,205609280.46979392,443081932.1821412,5681363.14014439,2347614999.941246,58798580879.790825,22939432889.70362,9694106637.324734,63187428294.18992,795390839.6202133,155414939540.62927
140.0,1792442.2264600252,455644.209023132,2478394.159720014,1519593.4047968318,5123590.680041342,3870243.4788918486,15007250.591593599,7529423.249473207,1233514.9989596151,3026382.932812118,6424748.416162591,3287514.652065671,1182245115.8129175,459119505.14205456,200346289.3855627,441154359.514565,5681363.14014439,2288546632.995244,59980825995.603745,23398552394.845676,9894452926.710297,63628582653.70448,801072202.7603576,157703486173.6245
141.0,1771116.2356202346,439141.5927125729,2522056.954126882,1513759.2175403133,5047488.147152501,3737601.5881250096,15248657.189562848,7496761.075159636,1215861.0703452476,2947706.313782879,6536338.742637074,3272254.873234796,1145611478.7349703,444507539.9475683,195128823.25699136,439232039.93382645,5681363.14014439,2230161245.0135007,61126437474.338715,23843059934.793243,10089581749.967287,64067814693.638306,806753565.900502,159933647418.638
142.0,1751847.1506487227,422848.8663165119,2563444.041992331,1507933.941042437,4981038.483440844,3607370.5615646522,15477907.67667332,7464191.278321178,1201556.5509089518,2869946.238466862,6643602.586693825,3257055.6239303574,1109546639.1487627,430130236.14348644,189972382.44870034,437315506.95619243,5681363.14014439,2172646127.8372865,62235984113.48748,24273190170.93673,10279554132.415987,64505130200.5945,812434929.0406463,162106293546.47528
143.0,1734525.054007054,406831.9986577038,2602597.4089562497,1502119.538378995,4923584.824405345,3479920.7604081547,15695279.670501234,7431722.744685261,1190330.9242949882,2793299.5948824184,6746610.658516266,3241919.8223063233,1074152418.514883,416028763.2144533,184890034.72919574,435405252.88805187,5681363.14014439,2116157832.4867282,63310136532.002365,24689218934.151184,10464444167.145184,64940535453.48255,818116292.1807907,164222451378.962
144.0,1719043.4686849786,391146.25576863135,2639566.4213373633,1496317.8542090293,4874513.670913777,3355553.3519374905,15901077.298740173,7399363.678408554,1181938.3106092932,2717930.585314296,6845441.991001237,3226850.11307517,1039512535.0376834,402236911.7369881,179892676.2902521,433501731.64997286,5681363.14014439,2060825217.855041,64349649067.04005,25091455845.888172,10644336843.435436,65374037185.13252,823797655.320935,166283276596.81705
145.0,1705299.7688403926,375837.1107118709,2674406.5013992996,1490530.61904844,4833253.113233978,3234507.6360040777,16095625.602531949,7367121.648229991,1176155.2932389737,2643974.4025084437,6940182.411714921,3211848.892537657,1005694519.1952823,388781868.59530526,174989275.854784,431605361.47502327,5681363.14014439,2006752388.2605393,65355343586.23533,25480237714.48348,10819326119.29022,65805642546.607544,829479018.4610794,168290028985.07758
146.0,1693195.4564569017,360941.16010563704,2707177.929593803,1484759.4538436611,4799270.8172125025,3116967.966711919,16279265.584812654,7335003.63126292,1172778.8802416224,2571540.591197141,7030923.197292047,3196918.3312691846,972751514.6567633,375684948.23089474,170187097.95344737,429716527.44959736,5681363.14014439,1954021451.4308472,66328095100.89209,25855922662.714375,10989513217.243668,66235359074.057144,835160381.6012237,170244050436.50842
147.0,1682636.3301934835,346487.0317351934,2737944.7633117125,1479005.8747596138,4772071.833908359,3003070.2854227233,16452349.826046333,7303016.054622579,1171624.5805250895,2500716.1391348536,7117759.885551134,3182060.3947889176,940723971.7718776,362962282.05799806,165491908.283105,427835583.9123589,5681363.14014439,1902695109.165484,67268819072.66397,26218884944.772373,11155005125.526773,66663194657.969505,840841744.741368,172146745545.67392
148.0,1673532.5660807274,332496.2620387835,2766773.8738181028,1473271.2980623893,4751196.336067687,2892908.1799138426,16615238.649456272,7271164.834562192,1172524.6222150088,2431568.279259666,7200791.236279337,3167276.862245983,909641213.5709367,350625457.41221994,160908159.91249195,425962856.69657135,5681363.14014439,1852819050.7323644,68178460286.23491,26569510402.184593,11315913285.439266,67089157514.66608,846523107.8815124,173999564596.40628
149.0,1665798.7278332543,318984.1304726637,2793734.0966782253,1467557.0450158594,4736217.347560187,2786538.4450378367,16768296.794326928,7239455.413075045,1175326.3186672127,2364147.0115209045,7280118.326540449,3152569.3432714283,879522869.59465,338682103.6908888,156439160.89029613,424098645.216717,5681363.14014439,1804424142.5326965,69057983155.82956,26908192505.87548,11472352446.329563,67513256159.8828,852204471.0216568,175803988738.93896
150.0,1659353.7226300875,305960.44401739887,2818895.486603625,1461864.346748892,4726738.499124866,2683986.164275163,16911890.54445301,7207892.792146956,1179890.569177031,2298487.3728836197,7355843.764724676,3137939.293214668,850380184.17313,327136427.96046305,152087225.1381384,422243224.412272,5681363.14014439,1757528424.8241477,69908363340.00269,27235328933.835945,11624439671.467701,67935499384.29507,857885834.1618011,177561517163.76312
151.0,1654120.714773532,293430.2646702581,2842328.6715375697,1456194.3490186431,4722391.8565506125,2585249.303578479,17046385.27433216,7176481.565538744,1186090.4988648044,2234611.462301858,7428071.0119897155,3123388.0268436167,822217197.7125357,315989699.2036001,147853807.07312196,420396846.54449993,5681363.14014439,1712138913.673902,70730580537.71523,27551318633.039547,11772293478.540823,68355896230.83957,863567197.3019454,179273656077.437
152.0,1650027.0076389133,281394.5780812599,2864104.297427235,1450548.116852594,4722835.837796137,2490302.842359607,17172143.37153977,7145225.94830448,1193810.226441118,2172530.2434593798,7496903.799415234,3108916.730684263,795031808.3551598,305240683.9657118,143739621.4679568,418559742.85928625,5681363.14014439,1668253219.788259,71525612346.07039,27856559317.00526,11916033100.00878,68774455973.69885,869248560.4420898,180941909297.22528
153.0,1647003.90265456,269850.9024229201,2884292.5558832916,1444926.6390392312,4727753.2352125235,2399102.464866614,17289522.49578526,7114129.804135601,1202943.7520516566,2112245.143700103,7562445.630123186,3094526.4741250495,768816720.5671335,294886035.9043094,139744749.76808935,416732125.12264377,5681363.14014439,1625860994.5023203,72294429066.63753,28151445352.90957,12055777849.776869,69191188098.8215,874929923.5822341,182567770291.7276
154.0,1644986.5427762114,258793.8379571932,2902962.786827809,1439330.832438789,4736849.354849366,2311587.8400045284,17398874.134536546,7083196.670609557,1213393.9571677768,2053749.467741141,7624799.355688487,3080218.21940259,743560288.2290205,284920642.20335025,135868734.0978685,414914187.0348454,5681363.14014439,1584945214.7052288,73037989354.86655,28436365995.11292,12191646583.874737,69606102285.85635,880611286.7223785,184152715506.43283
155.0,1643913.745545174,248215.55986874556,2920183.148470094,1433761.5461159896,4749850.27248356,2227685.520325287,17500542.424660232,7052429.782530918,1225071.7060342631,1997029.6441893913,7684066.819186613,3065992.8305897275,719247260.4808545,275337930.13622135,132110660.1508993,413106105.53430206,5681363.14014439,1545483319.4424217,73757236615.3474,28711703925.24914,12323757244.025637,70019208391.39066,886292649.8625228,185698198825.87524
156.0,1643727.8298970906,238106.2581119125,2936020.3467087857,1428219.5652822137,4766501.205129294,2147311.4969835067,17594863.20442008,7021832.093467118,1237895.0390743115,1942066.3231848737,7740348.556056854,3051851.0816839547,695859439.787471,266130137.60418805,128469230.1813587,411308041.9978943,5681363.14014439,1507448212.7110565,74453096055.13487,28977834062.85333,12452226474.206995,70430516433.38855,891974013.0026672,187205647038.5863
157.0,1644374.4425236946,228454.5231618907,2950539.4192795544,1422705.615034863,4786565.011107871,2070373.420167595,17682163.273151193,6991406.295573338,1251788.4545493734,1888835.3352995375,7793743.546263669,3037793.663887414,673376255.203547,257288548.74349096,124942826.76579729,409520143.34396315,5681363.14014439,1470809137.1969428,75126472310.33842,29235122611.59682,12577169300.972792,70840036576.73251,897655376.1428115,188676456175.78323
158.0,1645802.3828973772,219247.68842522972,2963803.564763019,1417220.3639143764,4809820.789897613,1996772.54850435,17762759.823691055,6961154.837906981,1266682.2620519272,1837308.5349775904,7844349.010799717,3023821.192170759,651775266.522673,248803701.1224919,121529568.88654402,407742543.0491581,5681363.14014439,1435532442.7210114,75778247576.8611,29483926312.719315,12698698869.859335,71247779119.78168,903336739.2829559,190111988618.50424
159.0,1647963.4326147616,210472.12663424082,2975874.013490021,1411764.427260979,4836062.600299197,1926405.4266247454,17836960.029801715,6931079.943274342,1282512.0077604405,1787454.5341430681,7892260.246905308,3009934.211191177,631032599.6542504,240665564.54124093,118227360.70684414,405975362.08253956,5681363.14014439,1401582250.1250193,76409280176.51535,29724591877.260555,12816926230.56618,71653754481.86421,909018102.4231002,191513570868.62927
160.0,1650812.1882457922,202113.50791431597,2986809.933450482,1406338.3703894126,4865098.2757669445,1859165.334240513,17905060.766221065,6901183.623771474,1299217.9596680182,1739239.3421519652,7937570.497546116,2996133.200633894,611123324.0365325,232863695.92413697,115033934.1151106,404218709.7658614,5681363.14014439,1368921026.9817858,77020403500.55188,29957455573.184692,12931960164.68129,72057973191.63007,914699465.5632446,192882491895.61105
161.0,1654305.8997789116,194157.02178284415,2996668.3668568404,1400942.7115814069,4896748.337339952,1794943.5256761508,17967348.44188313,6871467.695100763,1316744.6485833568,1692626.9211420277,7980370.850237256,2982418.5800373526,592021776.9510446,225387372.28189412,111946885.63969088,402472684.5650901,5681363.14014439,1337510082.577864,77612425277.50293,30182842945.466587,13043907050.32098,72460445876.19516,920380828.7033889,194220001978.1889
162.0,1658404.3156601242,186587.56664330827,3005504.1927915215,1395577.9249050494,4930844.996991602,1733630.2849702518,18024098.92825892,6841933.789779226,1335040.4580340749,1647579.6679242435,8020750.160876467,2968790.7131652078,573701841.1416789,218225704.36345538,108963708.4749664,400737374.8198975,5681363.14014439,1307309991.9401426,78186127118.6446,30401068649.830044,13152870758.795946,72861183251.01506,926062191.8435333,195527311970.12906
163.0,1663069.5338817644,179389.91124613775,3013370.112002736,1390244.4428693654,4967231.241663965,1675115.818554784,18075577.57046142,6812583.369319827,1354057.2580484916,1604058.8298720897,8058795.000118961,2955249.911960451,556137181.1954203,211367733.2832901,106081820.11592548,399012859.41559124,5681363.14014439,1278280957.1503716,78742264299.84003,30612436383.113335,13258952578.911871,73260196110.43065,931743554.9836776,196805592927.27942
164.0,1668265.8611190023,172548.8298355049,3020316.6501315087,1384942.6589139877,5005759.997550345,1619291.002286513,18122039.26470088,6783417.735462259,1373750.0783087227,1562024.8634207293,8094589.618134604,2941796.440135936,539301443.0432738,204802511.881676,103298586.17296614,397299208.4021556,5681363.14014439,1250383112.6402159,79281565742.8833,30817238894.99501,13362251165.084837,73657495318.83281,937424918.123822,198055976039.91965
165.0,1673959.6781337652,166049.2153583525,3026392.176752604,1379672.929755282,5046293.361854126,1566048.0037714306,18163728.593815506,6754438.040558932,1394076.8157167134,1521437.7419237033,8128215.925923947,2928430.5164356274,523168421.73740065,198519172.9849506,100611340.81712101,395596483.56617427,5681363.14014439,1223576782.245791,79804734164.6207,31015758067.97996,13462862505.901958,74053091802.39899,943106281.2639663,199279552822.16544
166.0,1680119.312822483,159876.17241485242,3031642.9371757936,1374435.5775868746,5088701.901086674,1515280.7931261004,18200880.008619614,6725645.297167605,1414997.9730157927,1482257.2191336993,8159753.490246672,2915152.3176038275,507712200.8956841,192506985.94433054,98017404.27200606,393904738.9587331,5681363.14014439,1197822693.2108982,80312446365.51639,31208265053.924294,13560879910.173965,74446996541.35773,948787644.4041107,200477375515.37634
167.0,1686714.9203491097,154015.09310019846,3036113.0944069372,1369230.8921437585,5132864.008656308,1466885.5582353345,18233718.046191394,6697040.386916957,1436476.424901352,1444443.0536922193,8189279.540316991,2901961.9810894295,492907267.76846266,186755403.11006632,95514097.71157788,392224021.3829692,5681363.14014439,1173082153.1132205,80805353633.28485,31395020457.03436,13656394007.885544,74839220562.74069,954469007.544255,201650457668.48956
168.0,1693718.3699841092,148451.71767518143,3039844.779699675,1364059.1326410382,5178665.316457747,1420761.0358026342,18262457.57902614,6668624.068713475,1458477.2086462216,1407955.1992527223,8216868.984587262,2888859.607513785,478728606.79907054,181254097.42571703,93098755.87137689,390554370.8451303,5681363.14014439,1149317194.081439,81284082240.08392,31576274554.460075,13749492763.75692,75229774933.58582,960150370.6843994,202799774862.571
169.0,1701103.138829948,143172.18214754364,3042878.149429872,1358920.52959264,5225998.156249593,1376808.7708091089,18287304.086594075,6640396.98634722,1480967.3360957506,1372753.9653545525,8242594.435618537,2875845.262931152,465151774.86444175,175992992.45748904,90768737.71374711,388895820.9724273,5681363.14014439,1126490689.1482496,81749234014.94836,31752267546.917564,13840261501.470667,75618670754.55824,965831733.8245437,203926265551.71927
170.0,1708844.2117454805,138163.05462788645,3045251.4471092597,1353815.2865173768,5274761.066121119,1334933.3130323512,18308453.945310887,6612359.675535641,1503915.6252988393,1338800.1516036948,8266526.242202943,2862918.9808945134,452152960.2976404,170962285.74698594,88521435.31777509,387248399.3998037,5681363.14014439,1104566443.9023495,82201386975.246,31923229832.66455,13928782936.788443,76005919153.95805,971513096.9646881,205030831995.6216
171.0,1716917.98760323,133411.362022474,3047001.0688355514,1348743.581538748,5324858.338428099,1295042.3609036785,18326094.73020713,6584512.57046109,1527292.5489920608,1306055.159672387,8288732.526981571,2850080.764353973,439709028.3218452,166152466.56518236,86354281.29392435,385612128.12881225,5681363.14014439,1083509267.4499085,82641096003.56784,32089382299.229733,14015137218.082367,76391531282.08687,977194460.1048324,206114341263.07153
172.0,1725302.1912234481,128904.60852769259,3048161.6313626063,1343705.5688862558,5376199.604961821,1257046.8593673978,18340405.525829703,6556856.009841078,1551070.098406034,1274481.0852513798,8309279.228942461,2837330.5874001156,427797554.54595244,161554328.7618159,84264754.86574301,383987023.86071754,5681363.14014439,1063285025.1743733,83068893558.1138,32250936627.991547,14099401972.94811,76775518305.94759,982875823.2449768,207177626288.2459
173.0,1733975.790884892,124630.78713921076,3048766.0416726125,1338701.3803032879,5428699.4564342685,1220861.0590968698,18351557.241900254,6529390.242568604,1575221.6605874754,1244040.7928697749,8328230.149673692,2824668.396869049,416396848.3682216,157158979.47349358,82250386.81264365,382373098.30593604,5681363.14014439,1043860676.1004391,83485290406.48203,32408095607.465042,14181652359.760754,77157891404.25352,988557186.3851211,208221486964.34634
174.0,1742918.921061293,120578.38537772003,3048845.5671930006,1333731.1263679897,5482277.092944659,1186402.543526131,18359712.930569377,6502115.43295983,1599721.907655274,1214697.975988801,8345647.002532589,2812094.113823327,405485967.9067385,152957844.3635072,80308763.43401802,380770358.47188497,5681363.14014439,1025204297.3162931,83890776374.38876,32561053451.82855,14261961123.19477,77538661762.7254,994238549.5252655,209246691261.66263
175.0,1752112.8100337747,116736.38609098997,3048429.906142777,1328794.8977324618,5536856.002739615,1153592.2280791078,18365028.1035433,6475031.665637975,1624546.6968450989,1186417.203999172,8361589.464236769,2799607.6349189524,395044727.5616186,148942669.85305125,78437529.64322306,379178806.9308285,5681363.14014439,1007285097.1288657,84285821101.95038,32709996121.6816,14340398652.837994,77917840569.65623,999919912.6654098,210253976358.7915
176.0,1761539.712156654,113094.2642912288,3047547.2572666947,1323892.7662854255,5592363.666615445,1122354.3370986711,18367651.04620088,6448138.950085001,1649672.9799560956,1159163.9582674424,8376115.228105296,2787208.8336711572,385053699.5929007,145105522.91696203,76634391.33424936,377598442.069487,5681363.14014439,990073419.0537434,84670874801.54327,32855101644.59856,14417033044.172243,78295439011.72572,1005601275.8055542,211244049777.84525
177.0,1771182.8442545184,109641.98023784025,3046224.389264077,1319024.7862435686,5648731.286315779,1092616.3590611166,18367723.129746713,6421437.22487639,1675078.7220407296,1132904.657322097,8389280.059016362,2774897.5616208026,375494209.85666543,141438788.50632828,74897117.02721241,376029258.32120955,5681363.14014439,973540736.85156,85046369011.39993,32996540433.10489,14491930161.199455,78671468270.04694,1011282638.9456985,212217590514.6968
178.0,1781026.326521448,106369.97090612765,3044486.7073970963,1314190.995175332,5705893.532952984,1064308.9931202237,18365379.112272415,6394926.3616543785,1700742.8260171977,1107606.6765312727,8401137.848020013,2762673.649431508,366348331.001666,137935165.9595715,73223539.14872426,374471246.3839011,5681363.14014439,957659645.6340072,85412717342.4016,33134475599.06446,14565153700.348179,79045939516.43083,1016964002.0858428,213175250160.3308
179.0,1791055.1269035288,103269.13843602613,3042358.3196984553,1309391.4149619937,5763788.316048699,1037366.0777277874,18360747.43740272,6368606.168820789,1726645.0654057842,1083238.3583929732,8411740.66830337,2750536.9078978626,357598870.7887313,134587663.44040897,71611554.68912815,372924393.42249984,5681363.14014439,942403845.4809127,85770316213.19032,33269063262.50487,14636765255.037308,79418863909.85333,1022645365.2259872,214117654005.81174
